name,Boiling-Point,Melting-Point,Density,Dissociation Constants,Flash-Point
QAMVEH01_clean,,,,,
BETFEN_clean,,,,,
VUCTUK_clean,0.0,174.65740740740742,0.0,0.0,
POVZUX_clean,,,,,
SONTAR_manual,,,,,
NUVXOT_clean,,,,,
OPIFUQ_clean,,,,,
HAZGOF08_clean_h,0.0,427.0,0.0,0.0,260.0
SARNOQ_clean,,,,,
FIJDIM11_clean,0.0,427.0,0.0,0.0,260.0
VAZLIT_clean,0.0,174.65740740740742,0.0,0.0,
VOXVEL_clean,277.51851851851853,42.21333333333333,0.0,0.0,
NIGBOW_clean,,,,,
HUCXOU_clean,,,,,
JUQVAU_clean,294.5,,,,
YUNJEX_clean,,,,,
LEYLUX_clean,,281.0,0.0,,
AXUHIL_clean,205.0,41.986111111111114,0.0,0.0,80.66666666666667
QUVDOB_clean,0.0,174.65740740740742,0.0,0.0,
EWUSUL_clean,305.0,111.0,,,
EPUXET_clean,,,,,
GUMBIA_clean,,,,,
UXABOL_clean,,,,,
OXUNEB_clean,277.51851851851853,42.21333333333333,0.0,0.0,
QIRYAS_clean,,249.0,,,
VOCQEJ_clean,,,,,
LACJAC_clean,,,,,
LULVOF_clean,,,,,
WUDTIA_clean,,,,,
HISSIN_clean,,,,,
HOQMUX_clean,0.0,427.0,0.0,0.0,260.0
TILHAZ_clean,337.6666666666667,151.78444444444443,0.0,0.0,193.58333333333331
CITZIP_manual,,249.0,,,
YUKVIK_clean,102.8425925925926,4.007936507936509,0.0,0.0,64.0925925925926
CUNFOH01_clean,,,,,
FAQLUH_clean,,,,,
QOVDAH_clean,,,,,
WEFCAN_clean,,,,,
LUFNAC04_clean,,,,,
BEPREV01_clean,,,,,
GULWIU_clean,,,,,
QADWIE_clean,0.0,174.65740740740742,0.0,0.0,
XULCIR_clean,25.632916666666667,-13.578055555555554,0.0,0.0,-17.809523809523807
PUGHAC_clean,,,,,
ENESOH_clean,,,,,
ASIVAB_clean,,,,,
AVIMIC_clean,,,,,
PEVQIS_clean_h,0.0,427.0,0.0,0.0,260.0
DUZPUL_clean,,,,,
JOCWIJ_clean,,,,,
ODIVUU_clean,,0.0,,,
AWAJIT_clean,,,,,
DEXDER_clean,,720.0,,,
FOWTOC_clean,,,,,
POWBEK_clean,,,,,
IQUNAJ_clean,0.0,174.65740740740742,0.0,0.0,
VEMMOQ_clean,,,,,
SETQEP_clean,0.0,427.0,0.0,0.0,260.0
LIHRIE_clean,260.0,0.0,0.0,,170.0
PUZKUS_clean,,359.0,,,
HAZNON_clean,,,,,
YANBAR03_clean,102.8425925925926,4.007936507936509,0.0,0.0,64.0925925925926
LADQUF_clean,,,,,
ASIRUR_clean,,,,,
FERHAN_clean,,,,,
DUPKAC_clean,,,,,
IYEHAX_clean,,,,,
CAYDUD_clean,,,,,
RAVFIF_clean,,,,,
XUWTAK_clean,277.51851851851853,42.21333333333333,0.0,0.0,
MOYYIJ_clean,,,,,
EXIDOF_clean,,276.0,,0.0,
NAYZOE_clean,,,,,
FIJDIM05_clean,0.0,427.0,0.0,0.0,260.0
QADWOK_clean,0.0,174.65740740740742,0.0,0.0,
RANWAH_clean,,,,,
MULXOH_clean,,312.5,,,
EBIPIQ_clean,,,,,
AWEJIW_clean,,,,,
LEPLEZ02_clean,140.0,135.30555555555554,0.0,0.0,
DIVQAB_clean,,,,,
IBABOF_clean,,0.0,,,
HOXSIY_clean,,,,,
UDOVUG_charged,,,,,
WITJUG_clean,,,,,
RUVBOB_clean,,,,,
XEQGAC_clean,,144.5,,,
VOGTIV_clean_h,,,,,
KIBDEF_clean,0.0,174.65740740740742,0.0,0.0,
RUFMUA01_clean,,,,,
LUMZEA_clean,260.0,0.0,0.0,,170.0
HOWSAP_clean,,,,,
AWIBAL_clean,,,,,
XUWSUD_clean,277.51851851851853,42.21333333333333,0.0,0.0,
RUPVAB_clean,,,,,
VAGTUU_clean,,,,,
SOCNAB_clean,,,,,
FIHRIZ_clean,0.0,427.0,0.0,0.0,260.0
DOTTEM_clean,0.0,427.0,0.0,0.0,260.0
LIWXIZ_clean,,,,,
ROLCEC19_clean,102.8425925925926,4.007936507936509,0.0,0.0,64.0925925925926
KUNSUJ_clean,,,,,
HEDCAW_clean,,,,,
BEPREV_clean,,,,,
NOBVOR_clean,,,,,
QADWUQ_clean,0.0,174.65740740740742,0.0,0.0,
QADWEY_clean,277.51851851851853,42.21333333333333,0.0,0.0,
OMITUB_clean,,,,,
ROGSAI_clean,,,,,
CIRTUU_clean,,,,,
AVESUR_clean,,,,,
MUZGAQ_clean,,315.0,,0.0,
MUJPUE_clean,0.0,427.0,0.0,0.0,260.0
BAPDAA_clean,,,,,
HOVGIK_clean,,,,,
FURRAM_clean,,,,,
SOQJOZ_clean,277.51851851851853,42.21333333333333,0.0,0.0,
OTAXOX_clean,102.8425925925926,4.007936507936509,0.0,0.0,64.0925925925926
KEFBII_clean,,,,,
JALLEQ_clean,,,,,
NATHUO_clean,,,,,
KAPHAL_clean,,,,,
DIDBAV_clean,,,,,
FAMHAE01_clean,,,,,
KETHEY01_clean,,,,,
APAZAU_clean,,,,,
AMAFOK_clean,,,,,
KEWBUL_clean,,,,,
IPIJEY_clean,,,,,
KOMGUP_clean,,158.94444444444446,0.0,0.0,
KAKBUW_clean,,,,,
HOWJEK_clean,277.51851851851853,42.21333333333333,0.0,0.0,
UBACOR_clean,,,,,
ZILBIH_clean,,,,,
XUNSEG_clean,,315.0,,0.0,
YOYPOT_clean,,,,,
MUSSIE_clean,,,,,
CISLUN_clean,,,,,
GIFFAE_clean,,,,,
SADLEQ_clean,,,,,
WOPHIU01_clean,,,,,
OKILIE_clean,,,,,
LELMIA01_clean,,359.0,,,
QEVKOS_clean,,,,,
PAPXUB_clean,,5.0,,,
NIWZIE17_clean,102.8425925925926,4.007936507936509,0.0,0.0,64.0925925925926
LUBNAZ_clean,,,,,
IRELAU_clean,,,,,
DAWBUA_clean,0.0,130.985,0.0,0.0,
AZAFIS_clean,,,,,
GUXSIC_clean,,254.0,,,
ILIQEB_clean,0.0,427.0,0.0,0.0,260.0
NUFBOH_clean,,,,,
DOKHIV_clean,,,,,
REHVEH_clean,,,,,
OSIWUJ_clean,,,,,
VURLIF_clean,,,,,
KOSJAF_clean,,,,,
UNABUH01_clean,,,,,
PAMVEG_clean,,,,,
LEWMUX_clean,,,,,
LITCUO_clean,,,,,
VEWLAM_clean,,,,,
KOHKOI_clean,,,,,
GUHMIH_clean,,,,,
RAYLOU_clean,,,,,
SIZNIA_clean,,,,,
FORQEJ_clean,,252.0,,,
PEYPAM_SL,,,,,
PENZIS_clean,,,,,
GITVEL_clean,260.6666666666667,89.88,0.0,0.0,145.0
SISFEH_clean,,254.0,,,
DAMYOI_clean,,,,,
YOTXOW_clean,,,,,
WOBHOL_clean,,,,,
IGUCET_clean,277.51851851851853,42.21333333333333,0.0,0.0,
BOXYIY_clean,0.0,174.65740740740742,0.0,0.0,
OPOYUO_clean,,,,,
RUGJAG_clean,102.8425925925926,4.007936507936509,0.0,0.0,64.0925925925926
ULASAD_clean,25.632916666666667,-13.578055555555554,0.0,0.0,-17.809523809523807
BASSUL_clean,,,,,
HAZNED_clean,,,,,
NIRDAT_clean,277.51851851851853,42.21333333333333,0.0,0.0,
DIBJIJ_clean,,,,,
WASTUG_clean,,,,,
OSAVUA_clean,,,,,
SABVOH_manual,0.0,427.0,0.0,0.0,260.0
FALQOA_clean,,0.0,,,
QADWEA_clean,0.0,174.65740740740742,0.0,0.0,
QUPHIT_clean,,293.0,,,
IGIZAA_clean,277.51851851851853,42.21333333333333,0.0,0.0,
UMOKIS_clean,,,,,
EXEWIO_clean,,,,,
QUJFUX_clean,,,,,
HAZGOF01_clean_h,0.0,427.0,0.0,0.0,260.0
AMODUC_clean,,,,,
NANMAS_charged,,148.0,,,
PUQHEP_clean,,,,,
XIMPOA01_clean,,,,,
QUQFOY_clean,,,,,
ALUKIC_clean,,,,,
ARAFEF_clean,,,,,
OXALAB_clean,,,,,
DULCAQ_clean,235.0,188.0,0.0,0.0,160.0
WUPNIF_clean,,276.0,,0.0,
SIVGOV_clean,,,,,
SETQIT_clean,0.0,427.0,0.0,0.0,260.0
POWBIO_clean,,,,,
UNABUH_clean,,,,,
KOCCUC_clean,,,,,
PEWLUA_clean,,,,,
UFASEA_ion_b,,288.0,,,
SETRAM_clean,0.0,427.0,0.0,0.0,260.0
VIRPOC_clean,260.0,0.0,0.0,,170.0
DUDKEU_clean,,,,,
MILQIJ_clean,,312.5,,,
AVIMUO_clean,,,,,
ALAMUW_clean,,,,,
UKUBIM_clean,,,,,
YUZXAT_clean,0.0,427.0,0.0,0.0,260.0
REYCEF_clean,,,,,
PORVID_clean,,276.0,,0.0,
TAJXIO05_clean,0.0,346.3333333333333,0.0,0.0,
LAWFUN_clean,,,,,
WICQOP_clean,,,,,
EJOQOL_clean,,,,,
SONTOF_clean,0.0,427.0,0.0,0.0,260.0
XIVMEW_clean,,,,,
JIYXUL_clean,0.0,174.65740740740742,0.0,0.0,
OWIJEL_clean,,,,,
LOFVUY_clean,,,,,
UWALEL_clean,,,,,
WEDXEK_clean,0.0,236.5822222222222,0.0,0.0,193.0
FIJDIM08_clean,0.0,427.0,0.0,0.0,260.0
RIPWIY_clean,0.0,174.65740740740742,0.0,0.0,
XUNSUW_clean,,315.0,,0.0,
XOMCIN_clean,,,,,
VEDGAO_clean,,315.0,,0.0,
YOBYAR_clean,,,,,
ZUWXUM_clean,,,,,
YARDEC_clean,0.0,427.0,0.0,0.0,260.0
MUMYAW_clean,,,,,
PIBGAK_clean,,,,,
AFITUF_clean,,,,,
GAXVUY_clean,0.0,427.0,0.0,0.0,260.0
FAJZOI_clean,,,,,
COMGUH_clean,,,,,
GADMAA01_clean,,148.0,,,
EQAMUG_clean,,,,,
OYIVEY_clean,,,,,
YOZRUC_clean,,,,,
ROLCEC14_clean,102.8425925925926,4.007936507936509,0.0,0.0,64.0925925925926
HUZSUR_clean,,,,,
DUXKEN_clean,305.0,111.0,,,
RUWZOA_clean,,,,,
TAVCIF_clean,,,,,
GUPNUC_clean,,,,,
PASKAX_clean,,,,,
KUMGIK_clean,25.632916666666667,-13.578055555555554,0.0,0.0,-17.809523809523807
QUSCAJ_clean,,,,,
DOLPIF_clean,0.0,346.3333333333333,0.0,0.0,
QOBPEE_clean,277.51851851851853,42.21333333333333,0.0,0.0,
TUTJAU_clean,,,,,
FOXNIQ_clean,,254.0,,,
XADDUD_clean,0.0,346.3333333333333,0.0,0.0,
NUHQUE_clean,,,,,
NEYZAU_clean,,,,,
LIFSEA_clean,,315.0,,0.0,
VIWLAQ_clean,,276.0,,0.0,
HAFWIW_clean,,,,,
BOJYIK_clean,0.0,427.0,0.0,0.0,260.0
OWETIU_clean,,,,,
GAQYIH_clean,0.0,280.0,0.0,0.0,250.0
WUBHEI_clean,,,,,
ZEBMAW_clean,,,,,
TAKYEL_clean,,252.0,,,
MITSUE_clean,,,,,
VIWKOD_clean,,276.0,,0.0,
HOWQEQ_clean,,256.0,,,
PUMNIV_clean,,5.0,,,
EGUNAX_clean,,,,,
AVELUJ_clean,,,,,
YOYBUL_clean,305.0,111.0,,,
OWIJIP_clean,,,,,
FESBEM_clean,,,,,
OKILEA_clean,,,,,
HUCWOT_clean,,,,,
XOGXAU_clean,,,,,
EBINUA_clean,,,,,
KIFKEQ_clean,,,,,
HUNFON_clean,,,,,
SADLIU_clean,,,,,
FERWAC_clean,25.632916666666667,-13.578055555555554,0.0,0.0,-17.809523809523807
ZUVTEP_clean,,148.0,,,
LAHYOL_clean,,,,,
KOXGAH_clean,,,,,
XADGOA_clean,,219.0,,,
POSFOU_clean,,,,,
HEGNUD_clean,277.51851851851853,42.21333333333333,0.0,0.0,
SUVNEE_clean,0.0,427.0,0.0,0.0,260.0
LOLREL_clean,-78.47200000000001,-70.17391666666666,0.0,,0.0
TIGQOR_clean,277.51851851851853,42.21333333333333,0.0,0.0,
POKGEC_clean,,,,,
FORQIN_clean,,252.0,,,
KEWZET_clean,,,,,
HIYMAF_clean,,,,,
DAPBED_clean,,,,,
EKIJEP01_clean,,,,,
GOBXAY_clean,0.0,427.0,0.0,0.0,260.0
MIHLEV_clean,,,,,
MINVOU01_clean,0.0,427.0,0.0,0.0,260.0
FIRPAZ_clean,0.0,0.0,0.0,0.0,167.83333333333331
OWUHOF_clean,,,,,
BAWROI_clean,,,,,
LITCIC_clean,,,,,
RUWXAJ_clean,,,,,
OMICOD_clean,,,,,
LECFEG_clean,,,,,
UKUBUY_clean,,,,,
ARAHIM02_clean,115.0,55.0,,,
DOQRUY_clean,,,,,
ILIQIF_clean,0.0,427.0,0.0,0.0,260.0
UWELIS_clean,,,,,
FAMQAO_clean,,,,,
YOYQUA_clean,,,,,
PUNFIO_clean,,276.0,,0.0,
XIVMEW01_clean,,,,,
KAVTEI_clean,,,,,
LUMYID_clean,,,,,
SUJNUH_clean,,,,,
IDORIE_clean,,,,,
TIQGIK_clean,,,,,
HOGSIG_clean,,,,,
MEJZUY_clean,,,,,
REYPIW_clean,,,,,
AWARIZ_clean,260.0,0.0,0.0,,170.0
FONPUV_clean,,,,,
HOQNEI_clean,0.0,427.0,0.0,0.0,260.0
LADQOZ_clean,,,,,
YUNJIB_clean,,,,,
PUZLAZ_clean,,359.0,,,
ZEGSUB_clean,,,,,
TAFPOG_clean,0.0,174.65740740740742,0.0,0.0,
VAGTAA_clean,,,,,
OXALEF_clean,,,,,
WOYJID_clean,277.51851851851853,42.21333333333333,0.0,0.0,
NANMEW_clean,,252.0,,,
ARUDAU_clean,,,,,
JIVSEN_clean,0.0,0.0,0.0,0.0,167.83333333333331
TEQVAO_manual,,,,,
UVOTOQ_clean,,,,,
EKOPUQ_clean,,,,,
FEFDEB_manual,174.0,158.5,0.0,0.0,62.0
ILOSOS_clean,,,,,
FURREQ_clean,,,,,
BAXLOD_clean,,,,,
PIJJEZ_clean,,,,,
FAMHAE_clean,,,,,
JUKNUA_clean,277.51851851851853,42.21333333333333,0.0,0.0,
MAPCUE_clean,,,,,
GAJZOI_clean,,,,,
XAFFAN_clean,,,,,
SABYAY_clean,,,,,
WAQFIG_clean,,,,,
UVASAM_clean,,,,,
HAZGOF04_clean_h,0.0,427.0,0.0,0.0,260.0
LABGAY_clean,,,,,
KONFEA_clean,,,,,
MAXHUQ_clean,,,,,
SAYTUJ_clean,25.632916666666667,-13.578055555555554,0.0,0.0,-17.809523809523807
KOKKOL_clean,,,,,
DEYXIQ_clean,,,,,
YUDFOU_clean,,,,,
OWIJAH_clean,,,,,
KOSKIO_clean,,,,,
ONUQOE_clean,,288.5,,,
VAXTEV_clean,,,,,
LAZJIH_clean,,276.0,,0.0,
LUMYOJ_clean,,,,,
WUSLED_clean,,,,,
FIRNAX_clean,,,,,
YICDAR_clean,,,,,
HUMWIX_clean,,,,,
LADQIT_clean,,,,,
UKUTEB_clean,,,,,
BUKRUW01_clean,,,,,
WIZDEP_clean,,,,,
YOBYEV_clean,,,,,
KOXGIP_clean,,,,,
ZEKRIS_clean,,,,,
IBICIH_clean,,,,,
KOJZIT_clean,,,,,
KIKFIV_clean,,,,,
KUGCOF_clean,45.0,62.21111111111111,0.0,,
XAJQAC_SL,,,,,
ATOGEV_clean,,,,,
MUFYAP_clean,,,,,
ZEDROR_clean,,,,,
VAYWEZ_clean,,,,,
MATFIY_clean,,,,,
BUCVIG_clean,0.0,346.3333333333333,0.0,0.0,
WAQQUB_clean,,,,,
BAKLIK_clean,,,,,
VASFAZ_clean,,,,,
WOBHEB01_clean,,,,,
NIWZIE11_clean,102.8425925925926,4.007936507936509,0.0,0.0,64.0925925925926
FAHGAY_clean,,,,,
EREGOY_clean,,,,,
HOXSUK_clean,,,,,
MUPYIG_clean,,,,,
ZUTBUN_clean,277.51851851851853,42.21333333333333,0.0,0.0,
IYOVUO_clean,,359.0,,,
UDOVOA_clean,,,,,
MOLKAB_clean,0.0,427.0,0.0,0.0,260.0
OZUMAZ_clean,,,,,
XITYOP_clean,,,,,
EKOPIE_clean,0.0,346.3333333333333,0.0,0.0,
OKIWUB02_clean,,,,,
BEXVEH_clean,,,,,
XUMSOP_clean,,,,,
VIWLEU_clean,,276.0,,0.0,
TOLYOJ_clean,,,,,
FAPXIG_clean,,,,,
XENMOU_SL,,,,,
UJUPUM_clean,,,,,
AFITEP_clean,,,,,
LUFNAC02_clean,,,,,
LABKIL_clean,,,,,
MEJZIM_clean,,,,,
XIDBUJ_clean,0.0,174.65740740740742,0.0,0.0,
TETVIZ_clean,277.51851851851853,42.21333333333333,0.0,0.0,
HUYJOA_clean,0.0,7.0,0.0,,128.0
PUGHUW_clean,,,,,
LUMYUP_clean,,,,,
TIVFEK_clean,,,,,
KULZEY_clean,,,,,
MURBEI_clean,,,,,
FUFREE_clean,,,,,
WEJSAH_clean,0.0,280.0,0.0,0.0,250.0
MAXHOK_clean,0.0,0.0,,,
VUKTOM_clean,,,,,
PUGJEI_clean,,,,,
OSUVIJ_clean,,,,,
YEMLOS_clean,,,,,
QUSCEN_clean,,,,,
BOVHEB_clean,,,,,
KOMJED_clean,,148.0,,,
IZIHOQ_clean,,,,,
MIHLAR_clean,,,,,
LIDZOP_clean,,,,,
ZEDHIB_clean,0.0,346.3333333333333,0.0,0.0,
SETQAL_clean,0.0,427.0,0.0,0.0,260.0
FIJDIM03_clean,0.0,427.0,0.0,0.0,260.0
EPECIN_clean,,,,,
MOLRIP_clean,,,,,
RUWXEN_clean,,,,,
GEGHAD_clean,,,,,
WUSGIC_clean,0.0,174.65740740740742,0.0,0.0,
EKOPOK_clean,,293.0,,,
CUNQUZ_clean,0.0,174.65740740740742,0.0,0.0,
MUPYUS_clean,,,,,
CANYIB_clean,,,,,
BEKSAM_clean,277.51851851851853,42.21333333333333,0.0,0.0,
ENOVAG_clean,,,,,
LECFAC_clean,,,,,
HUWDEJ_clean,,,,,
FIZPOV_clean,,,,,
UFEXIN_clean,,,,,
POHMAC_clean,,,,,
AWEZOS_clean,,,,,
DUGBAJ_clean,,252.0,,,
MAXHIE_clean,0.0,0.0,,,
LEGGIO_clean,260.0,0.0,0.0,,170.0
DOKBUC_clean,,,,,
GUXSEY_clean,,254.0,,,
RUVMUR_clean,,219.0,,,
OFOCUI_clean,,,,,
ALANAD_clean,,,,,
HASNUN_clean,0.0,174.65740740740742,0.0,0.0,
ACAJIZ_clean,251.5,97.10000000000001,0.0,0.0,
KEGYAX_clean,,,,,
VEDGIW_clean,,315.0,,0.0,
WIPLOY_clean,,,,,
XALTOV_clean,,,,,
ADODAA_charged,,,,,
ZASTUK_clean,,,,,
LUSHOX04_clean,0.0,427.0,0.0,0.0,260.0
HIFTOG01_clean,0.0,427.0,0.0,0.0,260.0
YAPYUK_clean,,,,,
GUPNUC01_clean,,,,,
XACSIG_clean,,,,,
WOPDEL_clean,,,,,
ELEROD_clean,,315.0,,0.0,
VUQKAU_clean,,,,,
AFOVEX_clean,,,,,
ESIDOB_clean,,,,,
OTIQAL_clean,,,,,
TAKGUK_clean,,,,,
FALZOI_clean,277.51851851851853,42.21333333333333,0.0,0.0,
WAYMAM_clean,0.0,427.0,0.0,0.0,260.0
REYPES_clean,,,,,
QOVDEL_clean,,,,,
SAQZOB_clean,,,,,
PETVER_clean,260.0,0.0,0.0,,170.0
KORNAI_clean,260.0,0.0,0.0,,170.0
LAZPIN_clean,,200.0,,,
OKELIB_clean,,,,,
QEZZAY_clean,261.4,10.38962962962963,0.0,0.0,
IQINAZ_clean,0.0,427.0,0.0,0.0,260.0
CODSOF_clean,,,,,
NENFAN_clean,277.51851851851853,42.21333333333333,0.0,0.0,
BOLPAU_clean,,,,,
QEZZEC_clean,261.4,10.38962962962963,0.0,0.0,
MOTVOI_clean,,,,,
RUGKAH_clean,102.8425925925926,4.007936507936509,0.0,0.0,64.0925925925926
WIZMAV02_auto,,,,,
QUPHUF_clean,0.0,427.0,0.0,0.0,260.0
ECIWIW_clean,,,,,
TETWEW_clean,277.51851851851853,42.21333333333333,0.0,0.0,
VAGBEN_clean,0.0,236.5822222222222,0.0,0.0,193.0
KUNRAO_clean,260.0,0.0,0.0,,170.0
BETFAJ_clean,,,,,
GEGGUW_clean,,,,,
XEGJIE02_clean,,,,,
HOWQAM_clean,,256.0,,,
PIDMEV_clean,,,,,
FURRIU_clean,,,,,
HEDBEZ_clean,,276.0,,0.0,
VEGXOW_clean,,,,,
TIRRIW_clean,,,,,
RIFGAQ_clean,,,,,
LUYSEF_clean,0.0,427.0,0.0,0.0,260.0
LUMDEC_clean,,,,,
HADXOC_clean,,0.0,,0.0,
OSIXIY_clean,,,,,
CUQSAK_clean,,,,,
BIFKEI_clean,305.0,111.0,,,
AZAVUU_clean,,,,,
SAQQAD_clean,,,,,
KIYQEQ_clean,,254.0,,,
SABZED_clean,,,,,
PEJMOI_clean,,,,,
LADQEP_clean,,,,,
HICVUM_clean,,,,,
KAKCEH_clean,,,,,
HADQUA_clean,,,,,
BUCVAY_clean,0.0,346.3333333333333,0.0,0.0,
KOSKEK_clean,,,,,
MAKFOW_clean,,,,,
KONFIE_clean,,,,,
IDAGUR_clean,25.632916666666667,-13.578055555555554,0.0,0.0,-17.809523809523807
LAZHUR_clean,0.0,346.3333333333333,0.0,0.0,
KEFFEI_clean,102.8425925925926,4.007936507936509,0.0,0.0,64.0925925925926
WAXJAJ01_clean,25.632916666666667,-13.578055555555554,0.0,0.0,-17.809523809523807
XEGJUQ_clean,,,,,
KIFKAM_clean,0.0,427.0,0.0,0.0,260.0
KUMBUR_clean,0.0,346.3333333333333,0.0,0.0,
NATFAS_clean,,276.0,,0.0,
TAKTIL_clean,,,,,
SABYIG_clean,,,,,
IYOWID_manual,,,,,
PODKUQ_clean,,,,,
TOBJUR_clean,,,,,
ZUTBIB_clean,277.51851851851853,42.21333333333333,0.0,0.0,
FOJLOH_clean,,,,,
DIBXAP_clean,,,,,
FAMQES_clean,,,,,
WAHKUO_clean,,,,,
LIPQOR_clean,,,,,
QOPPOC_clean,,,,,
FERVIJ_clean,25.632916666666667,-13.578055555555554,0.0,0.0,-17.809523809523807
FIRNIF_clean,,,,,
YARKAF_clean,,,,,
QAQHOG_clean,277.51851851851853,42.21333333333333,0.0,0.0,
LETDEU_clean,260.0,0.0,0.0,,170.0
TIKXER_clean,0.0,174.65740740740742,0.0,0.0,
RAWZIA_clean,,276.0,,0.0,
PUGSOB_clean,,,,,
HEGNOX_clean,277.51851851851853,42.21333333333333,0.0,0.0,
KEVWUF_clean,,252.0,,,
OCAWAT_clean,,,,,
HUTTIA_clean,,,,,
UHIYOB_clean,0.0,174.65740740740742,0.0,0.0,
RUYQIN_clean,,,,,
HADDOI_clean,,,,,
OYIVIC_clean,,,,,
GEFZAU_clean,,,,,
FATQID_clean,,,,,
FAPXEC_clean,,,,,
VITZIJ_clean,,,,,
VUNXUY_clean,,,,,
TISJOW_clean,,,,,
GEGGEG01_clean,,,,,
QIQZIB_clean,,,,,
ERIJUM_clean,115.0,55.0,,,
HEBJAB_clean,,,,,
RUFTET_clean,0.0,427.0,0.0,0.0,260.0
PODKOK_clean,,,,,
OWAVIS_clean,,,,,
EKOPEA_clean,0.0,346.3333333333333,0.0,0.0,
VEHJID01_clean,,,,,
ETECOX_clean,0.0,174.65740740740742,0.0,0.0,
OXAMIK_clean,,,,,
XEHTUB_clean,,,,,
MUGHED_clean,,,,,
VULFIT_clean,,,,,
QAJMUM_clean,,,,,
EPISOM_clean,,,,,
XEQRAO_clean,,,,,
XEGJOK_clean,,,,,
DAXHIV_clean,,,,,
VUQJUN_clean,,,,,
FARHOX_ion_b,,,,,
LAVTAF_clean,,,,,
KEFWAV_clean,,342.0,,,
HOWSET_clean,,,,,
TIVFIO_clean,,,,,
MOXKAN_clean,260.6666666666667,89.88,0.0,0.0,145.0
KAVTUY_clean,,,,,
JEJWOL_clean,,,,,
KIVDUQ_clean,,342.0,,,
UZUNAF_clean,,,,,
SAKDEQ_clean,,252.0,,,
EPEXUU_clean,,,,,
MEJZEI_clean,,,,,
KAVJEX_clean,,,,,
DAGJED_clean,,,,,
AZAVOO_clean,,,,,
PEDMER_clean,,,,,
UFEXEJ_clean,,,,,
OBUFIB_SL,,0.0,,0.0,
SEJBAL_clean,,,,,
GARLOD_clean,,,,,
REWNEO01_clean,,,,,
YOZJEE_clean,25.632916666666667,-13.578055555555554,0.0,0.0,-17.809523809523807
VULFOZ_clean,,,,,
TAJXIO03_clean,0.0,346.3333333333333,0.0,0.0,
SABYUS_clean,,,,,
RAVJOP_clean,,,,,
ASINAT_clean,,,,,
NAHFOU_clean,,,,,
RESWOC_clean,,,,,
CAQCAZ_clean,,276.0,,0.0,
OMEWUZ_clean,,,,,
HOFJIX_clean,0.0,174.65740740740742,0.0,0.0,
QOMSES_clean,,,,,
FIXVUE_clean,,198.5,,,
AMUFIZ_clean,,,,,
HISJAW_clean,,,,,
FIRNUR_clean,,,,,
TIXMET_clean,277.51851851851853,42.21333333333333,0.0,0.0,
JADMAF_clean,,,,,
XUNSAC_clean,,315.0,,0.0,
HEGPAL_clean,277.51851851851853,42.21333333333333,0.0,0.0,
SODQOT_clean,,,,,
NAJTAW_clean,,,,,
NIMXIS_clean,,,,,
AVIPAX_clean,,324.0,,,
REYJEM_clean,,,,,
HASNIB_clean,0.0,174.65740740740742,0.0,0.0,
DOYBEA_clean,,,,,
YOZYOD_clean,,,,,
VEDGES_clean,,315.0,,0.0,
VUVZAP_clean,,,,,
XAFBEN_clean,0.0,427.0,0.0,0.0,260.0
RUYVEO_clean,,,,,
GUFBUG_clean,,,,,
NUHQOY_clean,,,,,
SOJTOC_clean,,,,,
GUPJEG01_clean,,,,,
XEGJIE_clean,,,,,
XADDOX_clean,0.0,346.3333333333333,0.0,0.0,
TETZID_clean,,,,,
TEWFUY_clean,,,,,
KOMJON_clean,,148.0,,,
MAXHEA_clean,0.0,0.0,,,
LEGGEK_clean,260.0,0.0,0.0,,170.0
KAYCIY_clean,,324.0,,,
NOHLAZ_clean,,,,,
FUSMOW_clean,,,,,
AVUPIR_SL,,,,,
NUWBOX_clean,277.51851851851853,42.21333333333333,0.0,0.0,
ANEPIT_clean,,,,,
WEHHUO_clean,,,,,
NABMUA_clean,,324.0,,,
IGAGAA_clean,260.0,0.0,0.0,,170.0
SOJKOT01_clean,102.8425925925926,4.007936507936509,0.0,0.0,64.0925925925926
RUWWOW_clean,,,,,
VUCTOE_clean,0.0,174.65740740740742,0.0,0.0,
GADHIF_clean,,,,,
WUPZUE_clean,,,,,
SIVVAW_clean,,315.0,,0.0,
SIWZOP01_clean,102.8425925925926,4.007936507936509,0.0,0.0,64.0925925925926
TUTHOG_clean,,,,,
MIFTUS_clean,,,,,
EZEQUX_clean,0.0,427.0,0.0,0.0,260.0
RUBGUS_clean,,,,,
FIJDIM04_clean,0.0,427.0,0.0,0.0,260.0
HUWHOY_clean,,,,,
ECOLEP_clean,,,,,
ZOZKEG_clean,,,,,
HEMVEB_clean,277.51851851851853,42.21333333333333,0.0,0.0,
AHOKIR_clean,,,,,
ISIKIF_clean,,,,,
PARFOF_clean_h,,,,,
PURNIB_clean,,,,,
PEVQOY_clean_h,0.0,427.0,0.0,0.0,260.0
QOCBUH_clean,277.51851851851853,42.21333333333333,0.0,0.0,
PASNEE_clean,,,,,
QITYOI_clean,337.6666666666667,151.78444444444443,0.0,0.0,193.58333333333331
EBEWIT_clean,,,,,
NUDMEG_clean,,249.0,,,
COWXOC_clean,,0.0,,,
GASSUR_clean,,,,,
AMOFAK_clean,,,,,
DOLRAZ_clean,,,,,
BAKYOE_clean,,,,,
BETDIP_clean,,,,,
TONLOZ_clean,,,,,
XUBGUY_clean,,,,,
BIHMUC_clean,,,,,
FIJDIM10_clean,0.0,427.0,0.0,0.0,260.0
ZEDZAL_clean,,,,,
HUSJUC_clean,,,,,
ODIMAQ_clean,,148.0,,,
SAJDIT_clean,,,,,
VUKJOC_clean,,,,,
SAXLEK_clean,,,,,
JUJZIZ_clean,,,,,
XACHOA_clean,305.0,111.0,,,
NIHVUX_clean,,,,,
YEGDAR_clean,,,,,
OZULUS_clean,,,,,
ETAXIH_clean,,,,,
SEYFAE_clean,,,,,
ISISUZ_clean,,,,,
VEDFOB_clean,,315.0,,0.0,
NARPOO_clean,,,,,
ESURER04_clean,,,,,
YOYPIN_clean,,,,,
LUFNAC05_clean,,,,,
PEJRED_clean,,,,,
YEDKUO_clean,,,,,
ZIJVAR_clean,,,,,
PETWOC_clean,0.0,427.0,0.0,0.0,260.0
NARPUU_clean,,,,,
MIFTIG_clean,,,,,
CEBDOD_clean,,,,,
MAHCEG_clean,,,,,
RUFRIV_clean,0.0,346.3333333333333,0.0,0.0,
EZEQIL_clean,0.0,427.0,0.0,0.0,260.0
HIDBIH_clean,,,,,
PEVZAT_clean,,189.8125,0.0,,210.0
NIWZIE16_clean,102.8425925925926,4.007936507936509,0.0,0.0,64.0925925925926
IXAKAU_clean,,,,,
WOWBER_clean,,,,,
XEGKIF_clean,,,,,
PUQYAC_clean,,,,,
OBIBAF_clean,117.85555555555557,16.63992063492064,0.0,0.0,40.17460317460318
APAZOI_clean,,,,,
KEBFII_clean,,,,,
LUZJAT_clean,,,,,
YAJXIT_clean,,,,,
XOVYIR_clean,,,,,
JOXPIX_clean,,,,,
HIDCUU_clean,,,,,
ALUJOH_clean,0.0,427.0,0.0,0.0,260.0
XEXLAP_clean,,,,,
XOJCUV_clean,,,,,
ZISFEO_clean,,,,,
VOTKEW_clean,,,,,
HUCXIO_clean,,,,,
HEKTUO_clean,,,,,
UGELIB_clean,277.51851851851853,42.21333333333333,0.0,0.0,
RACZEC_clean,,,,,
LUPYAX_clean,,306.0,,,
BUQWER_clean,0.0,236.5822222222222,0.0,0.0,193.0
EJUVOU_clean,277.51851851851853,42.21333333333333,0.0,0.0,
VEHKIE_SL,,,,,
ZILBAZ_clean,,,,,
DUXMAL_clean,,,,,
COSMII_clean,,,,,
HOZDIL_clean,,,,,
YAZYIJ_clean,,,,,
ECOSIY_clean,174.0,158.5,0.0,0.0,62.0
HIHGAI_clean,,,,,
QEKLID01_clean,,,,,
AJAKON_clean,,,,,
ROYREE_clean,,315.0,,,
NEXXIZ_clean,,,,,
AVEQID_clean,,,,,
IBACAS_clean,,0.0,,,
CAVRAU_clean,,,,,
LIFSAW_clean,,315.0,,0.0,
COPXOV_clean,,,,,
WAYMEQ_SL,0.0,427.0,0.0,0.0,260.0
RALZEL_clean,,,,,
GAGSUF_clean,,,,,
POHLOP_clean,,,,,
BOPHEV_clean,,,,,
IREKUN_clean,,,,,
GONNAA_clean,,,,,
YOYPUZ_clean,,,,,
TISLIR_clean,260.0,0.0,0.0,,170.0
ROLCEC18_clean,102.8425925925926,4.007936507936509,0.0,0.0,64.0925925925926
MIFNUM_clean,,,,,
HOXKIP_clean,,359.0,,,
SETQOZ_SL,0.0,427.0,0.0,0.0,260.0
YUHHIU_clean,,,,,
VEMMIK_clean,,,,,
UGUHEK_clean,,,,,
JIXWUJ_clean,102.8425925925926,4.007936507936509,0.0,0.0,64.0925925925926
IRORUE_clean,,256.0,,,
ITIXAM_clean,,,,,
DAHWAM_clean,,,,,
UJUQIB_clean,,,,,
HEDCIE_clean,,,,,
AQALIO_clean,0.0,174.65740740740742,0.0,0.0,
OQETEK_clean,,,,,
GOMREG_clean,277.51851851851853,42.21333333333333,0.0,0.0,
PUGFOO_clean,,,,,
ACAJOF_clean,,,,,
FAGQAI_clean,,,,,
OSAWEL_clean,,,,,
LUFQUZ02_clean,25.632916666666667,-13.578055555555554,0.0,0.0,-17.809523809523807
PEPBAO_clean,,,,,
AFOTUL_clean,,,,,
COZMUA_clean,,,,,
VEMSUC_clean,117.85555555555557,16.63992063492064,0.0,0.0,40.17460317460318
DAXHUH_clean,,,,,
GEGGIK01_clean,,,,,
FIHFAF_clean,,158.94444444444446,0.0,0.0,
LOSXIC_clean,,,,,
BETDEL_clean,,,,,
JORSEQ_clean,,0.0,,,
ZIYPUU_clean,0.0,427.0,0.0,0.0,260.0
GIYTAK_clean,,,,,
ZALGEB_clean,117.85555555555557,16.63992063492064,0.0,0.0,40.17460317460318
YIBMUT_clean,,,,,
REWSUJ_clean,0.0,174.65740740740742,0.0,0.0,
COWREN_clean,,,,,
ZALMIL_clean,,,,,
KOZSID_clean,,,,,
EPEWAY_clean,,131.0,,,
TAKHAR_clean,,,,,
GOTNEK_clean,,315.0,,,
IHECAB_clean,,,,,
CUKXAJ_clean,,276.0,,0.0,
WEHHIC_clean,,,,,
WAHNOL_clean,,,,,
WITKIV_clean,,,,,
CAZNUO_charged,,,,,
ELERIX_clean,,315.0,,0.0,
ONUKAL_clean,,,,,
REYBAA_clean,,,,,
TEWGEJ_clean,,,,,
EPOXAJ_clean,0.0,152.95555555555558,0.0,0.0,100.0
QUFGIH_clean,277.51851851851853,42.21333333333333,0.0,0.0,
OXOLAP_SL,,,,,
ZIKCED_clean,,,,,
UVUQAE_clean,,,,,
KUMGOQ_clean,25.632916666666667,-13.578055555555554,0.0,0.0,-17.809523809523807
TAJXIO04_clean,0.0,346.3333333333333,0.0,0.0,
NUCPEI_clean,,,,,
CUQROX_clean,,,,,
HIHGUC_clean,,,,,
KOSLOV_clean,,,,,
BUPVEP_clean,,,,,
HICWIB_clean,,720.0,,,
FIJDIM09_clean,0.0,427.0,0.0,0.0,260.0
HELDOT_clean,,,,,
XUZDUS_clean,0.0,280.0,0.0,0.0,250.0
XEYMAR_clean,,315.0,,0.0,
EQEROJ_clean,,,,,
QAGQEW_clean,,,,,
ACAKUM_clean,,,,,
WOBHOM_clean,122.0,22.866666666675,0.0,0.0,111.5
JIZJAF_clean,122.0,22.866666666675,0.0,0.0,111.5
YOTROQ_clean,,,,,
HAJDII_clean,,,,,
PAMTOO_clean,,,,,
AWIBEO_clean,,,,,
LOCZIO_clean,,276.0,,0.0,
KOZSOJ_clean,,,,,
OHUMIP_clean,,,,,
YIZGEV_clean,277.51851851851853,42.21333333333333,0.0,0.0,
GAFRUD_clean,,,,,
LUKREO_clean,,,,,
FITJEY_clean,,,,,
ATUYAR_clean,,,,,
XOXMED_clean,,,,,
PEKDAM_clean,,,,,
YOYPEJ_clean,,,,,
BOZFIH_clean,,,,,
PUZJOL_clean,,359.0,,,
BOHJOZ_auto,,,,,
DANVEU_clean,,252.0,,,
DALVIY_clean,,,,,
RIBDAJ_clean,,,,,
POSFIO_clean,,,,,
PUNSIB_clean,,,,,
TETWUM_clean,,,,,
SADMUH_SL,0.0,427.0,0.0,0.0,260.0
KAXFUM_clean,,,,,
SABWUQ_clean,,,,,
MATPOP_clean,,,,,
WODVOB_clean,,,,,
SUHMEP_clean,,,,,
QOVSUR_clean,,,,,
SIVQAR_clean,,315.0,,0.0,
QOYLOG_clean,,276.0,,0.0,
ASACON_clean,,,,,
DIBWUI_clean,,,,,
PEWGEF_clean,,,,,
DIVPUU_clean,,,,,
HAWREE_clean,78.26777777777777,-114.03269841269842,0.0,0.0,12.84126984126984
SUVFEU_clean,,,,,
HASMIZ_clean,,,,,
QOSKAM_clean,,256.0,,,
BONWIL_clean,,,,,
UMIGAA_clean,,,,,
MAWFEY_clean,,,,,
WALKAY_clean,,,,,
DUYRAR_clean,,252.0,,,
LEVLEF_clean,101.17222222222222,11.776851851851852,0.0,,14.351851851851853
WOWBIV_clean,,,,,
XEGKEB_clean,,,,,
NUDMUW_clean,,249.0,,,
EBIZUN_clean,,,,,
ABAVIJ_clean,,315.0,,0.0,
QUQGAL_clean,,254.0,,,
UQOWUU_clean,,,,,
NERVOV_clean,0.0,236.5822222222222,0.0,0.0,193.0
MOYMET_clean,,,,,
KOJTOU_clean,,,,,
MIFTEC_clean,,,,,
EZEQEH_clean,0.0,427.0,0.0,0.0,260.0
BAZGAM_clean,,,,,
SEQSIS_clean,,,,,
HAZGOF07_clean_h,0.0,427.0,0.0,0.0,260.0
GONTAG_clean,,,,,
PURRIE_clean,,,,,
QUVFAP_clean,0.0,174.65740740740742,0.0,0.0,
APACAX_clean,,,,,
XICNOO01_clean,,359.0,,,
FEWQIJ_manual,,,,,
XUCSOF_clean,,,,,
GOQSIQ_clean,260.6666666666667,89.88,0.0,0.0,145.0
SABWAU_SL,0.0,427.0,0.0,0.0,260.0
COWRIR_clean,,,,,
RUYTUC_clean,,,,,
PERSEM_clean,,0.0,,0.0,
PAMTUU_clean,,,,,
OTAQAD_clean,,0.0,0.0,,
IFAQUC_clean,,,,,
RUHFOR_clean,,,,,
FUDHET_clean,,,,,
MOCKAR_clean,,,,,
ZIWMEZ_clean,,,,,
XEGKAX_clean,,,,,
LULWUL_clean,0.0,346.3333333333333,0.0,0.0,
DAWCIP_clean,,,,,
HUCXEK_clean,,,,,
MAFMAK01_clean,,,,,
NUDLIJ_clean,,249.0,,,
JORBAV_clean,25.632916666666667,-13.578055555555554,0.0,0.0,-17.809523809523807
AMUFOF_clean,,,,,
KOMHAW_clean,,158.94444444444446,0.0,0.0,
DILXED_clean,,0.0,,,
ROLCEC15_clean,102.8425925925926,4.007936507936509,0.0,0.0,64.0925925925926
ACOLOV_clean,,,,,
XOMCOT_clean,,,,,
TEYHIP_charged,,,,,
LIJNOJ01_clean,,,,,
RUGJUA_clean,102.8425925925926,4.007936507936509,0.0,0.0,64.0925925925926
QOHTUD_clean,,,,,
TAZLIR_clean,,,,,
HADPOU_clean,,,,,
XOPLOE_clean,,,,,
HUCWUZ_clean,,,,,
ZEDZAL01_clean,,,,,
WICQIJ_clean,,,,,
FILYEG_clean,0.0,346.3333333333333,0.0,0.0,
GARLIX_clean,,,,,
SOCKOM_clean,,,,,
DOHNUL_clean,,219.0,,,
LUMZAW_clean,25.632916666666667,-13.578055555555554,0.0,0.0,-17.809523809523807
REJLIC_clean,,288.0,,,
MICDEJ_clean,,,,,
HAFSOZ_clean,,,,,
COTVIS_clean,,,,,
WOJZOM_clean,,,,,
GIYSUD_clean,,,,,
NOMQAJ01_clean,,,,,
XOCWET_clean,,276.0,,0.0,
IZENUY_clean,,,,,
SOTWOP_clean,,,,,
IFASOZ_clean,337.6666666666667,151.78444444444443,0.0,0.0,193.58333333333331
PITPEP_clean,,,,,
LUKRIS_clean,,,,,
HEDCEA_clean,,,,,
OHUMEL_clean,,,,,
EZOFEF_clean,,,,,
WECBOX_clean,0.0,174.65740740740742,0.0,0.0,
YEMMAF_clean,,,,,
QUGZEZ_clean,,,,,
GADDOH_clean,,0.0,,,
NAQQED_clean,,252.0,,,
VASFIH_clean,,,,,
ADODII_clean,,,,,
OSUVOP_clean,,,,,
ERUNOW_clean,,,,,
GOVXIA_clean,,,,,
WISVEB_clean,,,,,
DOYHUW_clean,,,,,
OSAXAI_clean,,,,,
SONTUL_neutral_b,,,,,
LODKIA_clean,,,,,
VERZID_clean,102.8425925925926,4.007936507936509,0.0,0.0,64.0925925925926
MAXJIG_clean,,,,,
KUMJIN_clean,0.0,346.3333333333333,0.0,0.0,
KADLUZ_clean,,,,,
QOBWIN_clean,277.51851851851853,42.21333333333333,0.0,0.0,
CEHLAD_clean,,,,,
GAJZAU_clean,,,,,
COWRAJ_clean,,,,,
COWMIL_clean,,,,,
CETVAA_clean,,,,,
FATKIV_clean,,,,,
OPOBIF_clean,260.0,0.0,0.0,,170.0
XALDAS_clean,,,,,
BIBXUH_clean,,,,,
IBICAZ_clean,,,,,
CAXXEG_clean,,315.0,,0.0,
LACGED_clean,,293.0,,,
TAKHEV_clean,,,,,
FORPUY_clean,,252.0,,,
CAKFIF_clean,,,,,
ARUCUN_clean,,,,,
DAWCAH_clean,0.0,130.985,0.0,0.0,
DAFHID_clean,0.0,346.3333333333333,0.0,0.0,
HUXHEP01_clean,,,,,
PURNEX_clean,,,,,
ISIYUF01_clean,102.8425925925926,4.007936507936509,0.0,0.0,64.0925925925926
YUBFOR_clean,,,,,
VEGXIQ01_clean,,,,,
UTOTUT01_clean,,,,,
UDEPIE_clean,,,,,
CAXZUY_clean,,,,,
NIWZIE10_clean,102.8425925925926,4.007936507936509,0.0,0.0,64.0925925925926
DADLOM_clean,,,,,
ULIMIN_clean,,,,,
AJINOY_clean,,,,,
RUGHOS_clean,102.8425925925926,4.007936507936509,0.0,0.0,64.0925925925926
FOFHUE_clean,0.0,174.65740740740742,0.0,0.0,
DANVAQ_clean,,252.0,,,
EHAGOL_clean,,276.0,,0.0,
RIBDEN_clean,,,,,
ZARLEL_clean,,,,,
VERZOJ_clean,102.8425925925926,4.007936507936509,0.0,0.0,64.0925925925926
FAVZEJ_clean,,,,,
JIXWUJ01_clean,102.8425925925926,4.007936507936509,0.0,0.0,64.0925925925926
EGAFUP_clean,,,,,
FUNCAT_clean,,,,,
EPEYAB_clean,,,,,
NOHKUS_clean,,,,,
OTABES_clean,,0.0,0.0,,
LEGGOU_clean,260.0,0.0,0.0,,170.0
QARCET_clean,,,,,
SAYTOD_clean,25.632916666666667,-13.578055555555554,0.0,0.0,-17.809523809523807
BETDUB_clean,,,,,
NEVJEF_clean,,,,,
TANFEV_clean,277.51851851851853,42.21333333333333,0.0,0.0,
CABQEB_clean,117.85555555555557,16.63992063492064,0.0,0.0,40.17460317460318
JEWYAM_charged,,,,,
QUPJAN_clean,0.0,427.0,0.0,0.0,260.0
ABEXEN_clean,,,,,
JUFBIX_clean,,,,,
HOQMIL04_clean,0.0,427.0,0.0,0.0,260.0
DAFHOJ_clean,0.0,346.3333333333333,0.0,0.0,
EBAVOV_clean,,,,,
GOQTIR_clean,,,,,
EDABOC_clean,337.6666666666667,151.78444444444443,0.0,0.0,193.58333333333331
EBEXAM_clean,,,,,
LASWEJ_clean,,276.0,,0.0,
DEJCIF_clean,,256.0,,,
ZOMNIA_clean,,,,,
TECVEE_clean,188.97222222222223,18.490000000000002,0.0,0.0,92.33333333333333
KOSMAI_clean,,,,,
EDEPAG_clean,0.0,427.0,0.0,0.0,260.0
RAXDAX_clean,,,,,
ODODES_clean,,,,,
UVUGAV_clean,0.0,346.3333333333333,0.0,0.0,
CETGOY_clean,305.0,111.0,,,
SANHIB_clean,,,,,
DUTKAG_clean,174.0,158.5,0.0,0.0,62.0
RUYQIN01_clean,,,,,
OVICUS_clean,,,,,
COXHIH_clean,0.0,174.65740740740742,0.0,0.0,
FORPIM_clean,,252.0,,,
FEWQOP_clean,,,,,
KUKPOX_clean,,,,,
COWMUX_clean,,,,,
YUWKEH_clean,,,,,
SOJSUH_clean,,315.0,,,
OTENEH_charged,,,,,
FIJDIM02_clean,0.0,427.0,0.0,0.0,260.0
VAGMAT_clean,,,,,
NAJTEA_clean,,,,,
MOCKEV_clean,,,,,
OCURAG_clean,,,,,
YINCUV_clean,,,,,
TEDSIG_clean,,,,,
MAXHAW_clean,0.0,0.0,,,
HOBGOV_clean,,,,,
FUDHAP_clean,,,,,
IYAKIE_clean,0.0,427.0,0.0,0.0,260.0
HOWROC_clean,,,,,
YAJXUF_clean,,,,,
CUKXIR_clean,,276.0,,0.0,
YERJEL_clean,,,,,
YAVWUQ_clean,,,,,
BOWNUY_clean,,,,,
QOMDUS_clean,,,,,
BIRMUM_clean,,,,,
NIMPEG_clean,,,,,
NAVJAW01_clean,,,,,
BOTLED_clean,0.0,174.65740740740742,0.0,0.0,
EBAWIQ_clean,,,,,
SADMIV_clean,0.0,427.0,0.0,0.0,260.0
NADZID_clean,,,,,
DUYREV_clean,,252.0,,,
SUWQEI_clean,305.0,111.0,,,
VETMIS_clean,,,,,
YUFLOC_clean,,,,,
AMAGAX_clean,,,,,
YEKWOC_clean,,,,,
LUWYUY_clean,,,,,
IROROY_clean,,256.0,,,
YINDOQ_clean,,,,,
TAMHUM_clean,,,,,
EGAFOJ_clean,,,,,
LAZJAZ_SL,,293.0,,,
WECFAN01_clean,,,,,
VERZUP_clean,102.8425925925926,4.007936507936509,0.0,0.0,64.0925925925926
QUVFET_clean,0.0,174.65740740740742,0.0,0.0,
KIFXOO_clean,,,,,
FUDGES_clean,,,,,
FOHRUR_clean,,,,,
AZAWAB_clean,,,,,
CUNQOT_clean,0.0,174.65740740740742,0.0,0.0,
URUVUA_clean,,324.0,,,
MAKXAZ_clean,,,,,
FECZAQ_manual,0.0,427.0,0.0,0.0,260.0
TACJIS_clean,,,,,
DURDAX_clean,,,,,
QETSOY_clean,,276.0,,0.0,
LUFNAC03_clean,,,,,
WUDVEY_clean,,,,,
GADFAV_clean,,0.0,,,
HOXKUB_clean,,359.0,,,
BERGAI_clean,,158.94444444444446,0.0,0.0,
VESBAY_clean,102.8425925925926,4.007936507936509,0.0,0.0,64.0925925925926
MUDLON_clean,,,,,
YOYQAG_clean,,,,,
XAFFUH_clean,,,,,
OHIHUJ_clean,0.0,346.3333333333333,0.0,0.0,
ILIMOH_clean,,,,,
JUNBOL_clean,,,,,
EVUNEP_clean,0.0,174.65740740740742,0.0,0.0,
NOHKIG_clean,,,,,
IQECIS_clean,,,,,
HUZLIY_clean,,,,,
HAZGOF02_clean_h,0.0,427.0,0.0,0.0,260.0
ESANET_clean,,,,,
ZARLIP_clean,,,,,
EBOBIJ_clean,,,,,
PUSXIL_charged,,,,,
TEDXOR_clean,,,,,
OZUMIH_clean,,,,,
HENYUV_clean,,,,,
RIXBEG_clean,,,,,
PEMRIK_clean,0.0,427.0,0.0,0.0,260.0
IQILIF_clean,,,,,
SABXOL_clean,,,,,
GEFFUT_clean,,,,,
IGUVIR01_clean,,,,,
YUDFIO_clean,,,,,
GAFROX_clean,,,,,
QOBWEJ_clean,277.51851851851853,42.21333333333333,0.0,0.0,
EPAVAU_clean,,,,,
MAPLEX_clean,,,,,
APAYOH_clean,,,,,
MAXJEC_clean,,,,,
RONSIY_clean,,,,,
OLONAG_clean,,,,,
DEYJOI_clean,,,,,
ZOZKAC_clean,0.0,346.3333333333333,0.0,0.0,
WEHHEY_clean,,,,,
METYIU_clean,,,,,
NUDMAC_clean,,249.0,,,
YOYWEQ_clean,25.632916666666667,-13.578055555555554,0.0,0.0,-17.809523809523807
OGURAK_charged,,,,,
PASNAA_clean,,,,,
DOGZIJ_clean,,,,,
FEYDET_clean,,,,,
YINCEF_clean,,,,,
KIJRUS_clean,,,,,
OCUSIP_clean,,218.0,,,
HAFVOB_clean,,,,,
CELZIE_SL,,,,,
WAQFAX_clean,,,,,
NEYJIM_clean,115.0,55.0,,,
XOPLUL_clean,,342.0,,,
HIHGIQ_clean,,,,,
LIHSIF_clean,260.0,0.0,0.0,,170.0
PEWKOT_clean,,,,,
MAXJAY_clean,,,,,
CUYRUK_clean,0.0,427.0,0.0,0.0,260.0
RUYQOT_clean,,,,,
COWMEH_clean,,,,,
RUGNUE_clean,102.8425925925926,4.007936507936509,0.0,0.0,64.0925925925926
KOXFUA_clean,,,,,
BAEDTA01_clean,,245.0,0.0,0.0,0.0
FAZFET_clean,116.46666666666665,9.07777777777778,0.0,0.0,35.84861111111111
BINRUN_clean,,,,,
XUNTIL_clean,,315.0,,0.0,
QAVWAN_clean,,,,,
XATLIQ_clean,,,,,
EWUCOP_clean,,,,,
FUWYAY_clean,,,,,
NAQQON_clean,,252.0,,,
ESASAU_clean,,,,,
DALTAO_clean,,,,,
SUCLOT_clean,0.0,427.0,0.0,0.0,260.0
LOSBOM_clean,,,,,
CUNFOH_clean,,,,,
QOKCID_clean,,,,,
GAGQAI_clean,,,,,
CAWGAJ_clean,305.0,111.0,,,
VIVLAP_clean,,,,,
VITYUU_clean,,,,,
GAXWEJ_clean,0.0,427.0,0.0,0.0,260.0
RUPTED_clean,,,,,
QARTAG_clean,,254.0,,,
NIWZIE09_clean,102.8425925925926,4.007936507936509,0.0,0.0,64.0925925925926
PEVBUP_clean,25.632916666666667,-13.578055555555554,0.0,0.0,-17.809523809523807
ETEPID_clean,,,,,
NEHGEO_clean,,,,,
RAVVIU_clean,102.8425925925926,4.007936507936509,0.0,0.0,64.0925925925926
XICNOO_clean,,359.0,,,
XOJPES_clean,25.632916666666667,-13.578055555555554,0.0,0.0,-17.809523809523807
EWESAC_clean,,,,,
MIFPUO_clean,,,,,
DANROC_clean,,,,,
CIZLEE_clean,,,,,
JUSKAL_clean,,,,,
LEYQUD_clean,,252.0,,,
YOYNUX_clean,,,,,
ROLCEC13_clean,102.8425925925926,4.007936507936509,0.0,0.0,64.0925925925926
DEJCEB_clean,,256.0,,,
WOJJOV_SL,,,,,
ZIJVOF02_clean,,,,,
LASWIN_clean,,276.0,,0.0,
OJICUG_clean,0.0,427.0,0.0,0.0,260.0
ZETLER_clean,,,,,
GETXAG01_clean,,,,,
NAHFIO_clean,337.6666666666667,151.78444444444443,0.0,0.0,193.58333333333331
GARMAQ_clean,,,,,
SONTIZ_clean,0.0,427.0,0.0,0.0,260.0
DUKDOD01_clean,117.85555555555557,16.63992063492064,0.0,0.0,40.17460317460318
TAJXIO02_clean,0.0,346.3333333333333,0.0,0.0,
XEXLET_clean,,,,,
XOTSEG_clean,,,,,
ORANAY_clean,,252.0,,,
OCUMIL_clean,,,,,
GUSNEN_SL,0.0,427.0,0.0,0.0,260.0
MAWFIC_clean,,315.0,,0.0,
YUWKIL_clean,,,,,
ZECKID_clean,,,,,
BUGSOM_clean,,,,,
VUMBIQ_clean,,,,,
SANHUN_clean,,,,,
CORZIU_clean,,,,,
KIFWUT_clean,,,,,
GIQXEK_clean,0.0,0.0,,,
QOHTOX_clean,,,,,
COGNAO_clean,,,,,
FAQVEA_clean,,,,,
RUGPEQ_clean,0.0,427.0,0.0,0.0,260.0
VIWKIX_clean,,276.0,,0.0,
CUGVUW_clean,,,,,
XULRIH_clean,,,,,
ILENOC_clean,277.51851851851853,42.21333333333333,0.0,0.0,
RUYTIQ_clean,,,,,
HISJIE_clean,,,,,
ZOHBEF_clean,235.0,188.0,0.0,0.0,160.0
VITYOO_clean,,,,,
FIPKOG_clean,,,,,
MIHLUL_clean,0.0,174.65740740740742,0.0,0.0,
OYEROB_clean,0.0,236.5822222222222,0.0,0.0,193.0
DOKHUH_clean,,,,,
EXEQII_SL,,,,,
YUMFUJ_clean,,,,,
WIFGOJ_clean,,,,,
OKIYAJ01_clean,,,,,
GIYSOX_clean,,,,,
GALJAG_clean,,,,,
FERVOP_clean,25.632916666666667,-13.578055555555554,0.0,0.0,-17.809523809523807
DUKMON_clean,,,,,
GOMRAC_clean,277.51851851851853,42.21333333333333,0.0,0.0,
IWOSAP_clean,235.0,188.0,0.0,0.0,160.0
EZIPEK_clean,,,,,
KEFWID_clean,,342.0,,,
ZEXKUK_clean,,,,,
NIRGAY_clean,,,,,
GARLUJ_clean,,,,,
MIBMER_clean,,,,,
BETDAH_clean,,,,,
MIMVEJ_clean,0.0,236.5822222222222,0.0,0.0,193.0
FOSTUE_clean,,,,,
RUGGOR_clean,102.8425925925926,4.007936507936509,0.0,0.0,64.0925925925926
BINSAU_clean,,,,,
YUDFEK_clean,,,,,
RUVCES_clean,45.0,62.21111111111111,0.0,,
REGMOH_clean,,,,,
REJLEY_clean,,288.0,,,
EBIJAC_clean,0.0,427.0,0.0,0.0,260.0
ACALIB_clean,,,,,
YASNAJ_clean,,,,,
IYEQUA_clean,,,,,
ESARUN_clean,,,,,
IWIPIO_clean,25.632916666666667,-13.578055555555554,0.0,0.0,-17.809523809523807
NEHGIS_clean,,,,,
DURDIF_clean,,,,,
NOFHOG_clean,,,,,
CAKXOD_clean,0.0,174.65740740740742,0.0,0.0,
IGUTUB_clean,,,,,
FOMWOV_clean,,,,,
EXIDEV_clean,,293.0,,,
ALIXUP_clean,,,,,
IZIHEG_clean,,,,,
ETEQUQ_clean,277.51851851851853,42.21333333333333,0.0,0.0,
PUGGOP_clean,,,,,
EGAGEA_clean,,,,,
IZEQUB_clean,,,,,
GOPTIQ_clean,,,,,
KOSLUB_clean,,,,,
PAQVEK_clean,,,,,
FORPOS_clean,,252.0,,,
WOCGIG_clean,277.51851851851853,42.21333333333333,0.0,0.0,
OCUSOV_clean,,,,,
MUPYOM_clean,,,,,
ALAHUS_clean,,,,,
MIFLIY_clean,,,,,
XIHXET_clean,,,,,
CAXZOS_clean,,,,,
KOGYIP_clean,305.0,111.0,,,
YAQZUN_clean,,276.0,,0.0,
EMUTUD_clean,0.0,174.65740740740742,0.0,0.0,
RUGHUY_clean,102.8425925925926,4.007936507936509,0.0,0.0,64.0925925925926
XUBJAF01_clean,140.0,135.30555555555554,0.0,0.0,
SEYFEI_clean,,,,,
YIJYUN_clean,,,,,
XILLIP_clean,,,,,
IBOZIK_clean,,,,,
DARJOX_clean,277.51851851851853,42.21333333333333,0.0,0.0,
DIBXOD_clean,,,,,
UVEVAT_clean,,,,,
REHHOD_clean,,,,,
TISKOW_clean,260.0,0.0,0.0,,170.0
LUFQUZ01_clean,25.632916666666667,-13.578055555555554,0.0,0.0,-17.809523809523807
DALVAQ_clean,,,,,
BONNIC_clean,,215.66666666666666,,0.0,
ZIJSAO_clean,,,,,
SEYDUW_clean,,,,,
CUWNIT_clean,,,,,
ZIKJOU_clean,,,,,
YUBQET_clean,,,,,
DOKDEN_clean,,,,,
QEWDON_clean,,,,,
YARZEZ02_clean,,,,,
NUYWOU_clean,,,,,
YOQYOT_clean,0.0,427.0,0.0,0.0,260.0
FEFCUQ_clean,,,,,
IHIMAP_clean,235.0,188.0,0.0,0.0,160.0
FIRNAX01_clean,,,,,
RUFZID_clean,,,,,
NIWZIE15_clean,102.8425925925926,4.007936507936509,0.0,0.0,64.0925925925926
WAXJAJ_clean,25.632916666666667,-13.578055555555554,0.0,0.0,-17.809523809523807
FALQIU_clean,,0.0,,,
GAJZIC_clean,,,,,
NIJTOR_clean,,359.0,,,
UTOTUT_clean,,,,,
YUYLIP_clean,,,,,
DAXHUH01_clean,,,,,
VOPCIO_clean,,,,,
OCUQIN_clean,,,,,
QADXAX_clean,0.0,174.65740740740742,0.0,0.0,
CAYDIR_clean,,,,,
PIDMEV01_clean,,,,,
QIWGOU_clean,,,,,
QEYWUN_clean,,,,,
CUWNOZ_clean,,,,,
NUCYIV_clean,,,,,
AXUPEO_clean,277.51851851851853,42.21333333333333,0.0,0.0,
MOYNIY_clean,,,,,
EQETAX_clean,,,,,
VUKTUS_clean,,,,,
KAVGAQ_clean,,288.0,,,
XEXMEU_clean,,,,,
VASFED_clean,,,,,
PUFXUL_clean,,,,,
PEZCII_clean,,,,,
SOTXEG_neutral,,,,,
HURFEH_clean,,,,,
LICKAL_clean,,,,,
NAVFUM_clean,0.0,174.65740740740742,0.0,0.0,
TONMAM_clean,,,,,
ASECUY_clean,,,,,
MAKGAJ_clean,,,,,
IJEXIF_clean,,,,,
RIXBIK_clean,,,,,
PARKUQ01_clean,,,,,
XILLEL_clean,,,,,
GUFXEM_clean,,,,,
PEMREG_clean,,,,,
GUFBOA_clean,,,,,
YOYRAH_clean,,,,,
CAVREY_clean,,,,,
GARLAP_clean,,,,,
NUFBEX_clean,,,,,
TUKDAG_clean,,,,,
KARTAA_clean,261.4,10.38962962962963,0.0,0.0,
FECYUJ_clean,,,,,
BETFUD_clean,,,,,
ZERNIV_clean,,,,,
SANGEW_clean,141.23492063492063,13.14638888888889,0.0,0.0,50.968253968253975
ALATAK_clean,,,,,
WUSGOI_clean,0.0,174.65740740740742,0.0,0.0,
VICSIL_clean,,,,,
GEVYEN_clean,,,,,
BEPREV03_clean,,,,,
HIQNAY_clean,,,,,
NUVWEH_clean,,148.0,,,
VEHLEA01_clean,,,,,
COWMOR_clean,,,,,
DITXOU_clean,,276.0,,0.0,
IXAMAW_clean,277.51851851851853,42.21333333333333,0.0,0.0,
NALWOO_clean,,,,,
ATEYED_clean,,,,,
UVINAP_clean,,,,,
ESARAT_clean,,,,,
JIZJUZ_clean,122.0,22.866666666675,0.0,0.0,111.5
PEJNUP_clean,,,,,
HISGIB_clean,,,,,
UHASED_clean,,262.0,,,
ADAXIO_clean,0.0,427.0,0.0,0.0,260.0
GERWEH_clean,,,,,
KEDQAN_clean,,,,,
SIWZOP02_clean,102.8425925925926,4.007936507936509,0.0,0.0,64.0925925925926
DIMKIV_clean,,,,,
IQOJAB_clean,,,,,
SOJKOT02_clean,102.8425925925926,4.007936507936509,0.0,0.0,64.0925925925926
PUMNOB_clean,,5.0,,,
OQEPUW_clean,,,,,
DALSUH_clean,,,,,
YARBAW_clean,,315.0,,,
BONWAD_clean,,,,,
OBIBEJ_clean,,,,,
CAVVUS_clean,,,,,
FALVOF_clean,,276.0,,0.0,
VETSOE_charged,,,,,
VUKTIG_clean,,,,,
JALLOA_clean,,,,,
CUCTAX_clean,,,,,
DUYRIZ_clean,,252.0,,,
FIRMUQ_clean,,163.0,,,
OXALOP_clean,,,,,
YUSWEQ_clean,,342.0,,,
FAPXOM_clean,,,,,
KOSKIO01_clean,,,,,
RUWZIU_clean,,,,,
WEBQIF_clean,277.51851851851853,42.21333333333333,0.0,0.0,
TEBSAW_clean,,,,,
MIFROK_clean,,,,,
QOSJEP_clean,117.85555555555557,16.63992063492064,0.0,0.0,40.17460317460318
WEFDIW_clean,,,,,
GOVWOF_clean,,,,,
KINFAQ_clean,0.0,427.0,0.0,0.0,260.0
TOVWIM_clean,,,,,
DOZKIO_clean,,,,,
RUGJOU_clean,102.8425925925926,4.007936507936509,0.0,0.0,64.0925925925926
CAYDEN_clean,,,,,
COXHED_clean,0.0,174.65740740740742,0.0,0.0,
OKIQAB_clean,0.0,427.0,0.0,0.0,260.0
BEPROF_clean,,,,,
FIJDIM07_clean,0.0,427.0,0.0,0.0,260.0
OCUQUZ_clean,,,,,
FIVQIL_clean,277.51851851851853,42.21333333333333,0.0,0.0,
ALIXOJ_clean,,,,,
QIQVIX_clean,,,,,
XEQLEM_clean,,315.0,,0.0,
QANSUV_clean,,,,,
JORLEJ_clean,,,,,
HOBGEL_clean,,,,,
ETEMIB_clean,,,,,
DONNEA_clean,0.0,427.0,0.0,0.0,260.0
KUCDOD_clean,,,,,
EZABEN_clean,260.0,0.0,0.0,,170.0
HAWVIM_clean,,359.0,,,
OCUMOR_clean,,,,,
YEGKOM_clean,,,,,
NUZSAD_clean,235.0,188.0,0.0,0.0,160.0
TECTUS_clean,,,,,
KOSJOT_clean,,,,,
DAWVOO_clean,,,,,
OPOZEZ_clean,,,,,
JIZJEJ_clean,122.0,22.866666666675,0.0,0.0,111.5
QOFLAA_clean,,,,,
AYUJIP_clean,64.46481481481482,-97.76190476190474,0.0,0.0,11.370833333333334
CUVXAT_clean,,,,,
FIRNOL_clean,,,,,
RAYLAG_clean,,,,,
ROLCEC16_clean,102.8425925925926,4.007936507936509,0.0,0.0,64.0925925925926
SAMLAV_manual,,,,,
XICYIT_SL,,,,,
IKOSOQ_clean,,,,,
VULKOD_clean,,,,,
CUYWUP_clean,,,,,
POSGEL_clean,,,,,
ISIMAZ_clean,,,,,
YOYPAF_clean,,,,,
RUWWUC_clean,,,,,
ASAJOU_clean,,,,,
SETQUF_SL,0.0,427.0,0.0,0.0,260.0
HIQNUS_clean,,,,,
ETEJOD_clean,,,,,
FUSMUC_clean,,,,,
ERUNIQ_clean,,315.0,,0.0,
ENISUQ_clean,,,,,
IYAJOJ_clean,0.0,427.0,0.0,0.0,260.0
RIRDED_clean,,,,,
PENZUE_clean,,,,,
GALCAZ_clean,,,,,
ADODOO_clean,,,,,
DUDKOE_clean,,,,,
OHAKIS_clean,,,,,
HEGNEN_clean,277.51851851851853,42.21333333333333,0.0,0.0,
GIZVER_clean,,,,,
XIWYEH_clean,277.51851851851853,42.21333333333333,0.0,0.0,
ADEGIA01_clean,0.0,427.0,0.0,0.0,260.0
XADDAJ01_clean,,,,,
VUWSAJ_clean,,,,,
DARVAW_clean,,158.94444444444446,0.0,0.0,
YOCDUR_clean,,,,,
VOPCEK_clean,,,,,
GAJZUO_clean,,,,,
WANHIF_clean,0.0,346.3333333333333,0.0,0.0,
OCUNAE_clean,,,,,
NELVAC_clean,,,,,
GAWCUF_clean,,,,,
FALQEQ_clean,,0.0,,,
GULWOA_clean,,,,,
AGONEQ_clean,,276.0,,0.0,
RUXKUS_clean,,,,,
VETTIZ_charged,,,,,
OSUGUG_clean,,,,,
DAWBIO_clean,0.0,130.985,0.0,0.0,
YINCIJ_clean,,,,,
XADDEN_manual,,,,,
YAZZEG_clean,,,,,
EBAVIP_clean,,,,,
POHCOG_clean,25.632916666666667,-13.578055555555554,0.0,0.0,-17.809523809523807
DOMCUE_clean,,,,,
RUGGIL_clean,102.8425925925926,4.007936507936509,0.0,0.0,64.0925925925926
BELTOD_clean,,,,,
SOYWOT_neutral_b,,,,,
IYAJID_clean,0.0,427.0,0.0,0.0,260.0
ATUXOE_clean,,,,,
OKELOH_clean,,,,,
HOJLUP_clean,,,,,
NAWHOL_clean,251.5,97.10000000000001,0.0,0.0,
DUBBEI_clean,0.0,174.65740740740742,0.0,0.0,
DEGPEL_charged,260.0,0.0,0.0,,170.0
ZOXTUD_clean,,,,,
NUCYER_clean,,,,,
FALZIC_clean,277.51851851851853,42.21333333333333,0.0,0.0,
XICNOO02_clean,,359.0,,,
FECWOB01_clean,,,,,
SEHZUB_clean,,,,,
TADCAE_clean,,,,,
WURNOO_clean,,,,,
KOSLAH_clean,,,,,
HASNOH_clean,0.0,174.65740740740742,0.0,0.0,
MUZRIJ_clean,305.0,111.0,,,
HIQNIG_clean,,,,,
BUSQIQ_clean,,276.0,,0.0,
YUQNAB_clean,,,,,
NUGROX_clean,,,,,
FIPKUM_clean,,,,,
MIHLOF_clean,,,,,
NAHGUB_clean,,,,,
OYERUH_clean,0.0,236.5822222222222,0.0,0.0,193.0
KUDWAJ_clean,,,,,
NIGFIT_clean,,,,,
DOKHOB_clean,,,,,
MOGNAY_clean,,215.66666666666666,,0.0,
FUWFIO_clean,,,,,
JORRAL_clean,,315.0,,,
KUMBOL_clean,0.0,346.3333333333333,0.0,0.0,
IDAGOL_clean,25.632916666666667,-13.578055555555554,0.0,0.0,-17.809523809523807
IXEJOL_clean,277.51851851851853,42.21333333333333,0.0,0.0,
SIRBIG06_clean,102.8425925925926,4.007936507936509,0.0,0.0,64.0925925925926
GEGDED_clean,,,,,
NUHQIS_clean,,,,,
XOCWUJ_clean,,276.0,,0.0,
YOYVOZ_clean,25.632916666666667,-13.578055555555554,0.0,0.0,-17.809523809523807
ADAXEK_clean,0.0,427.0,0.0,0.0,260.0
UXIQOJ_clean,,,,,
RUGHEI_clean,102.8425925925926,4.007936507936509,0.0,0.0,64.0925925925926
HOBGIP_clean,,,,,
QOSJOZ_clean,,256.0,,,
LIDZUV_clean,,,,,
VEMMAC_clean,,,,,
OSAVEK_clean,0.0,427.0,0.0,0.0,260.0
FECXES_clean,,,,,
EJORAY_clean,,,,,
VOJGOS_clean,,,,,
LALFUB_clean,0.0,174.65740740740742,0.0,0.0,
YIPDOR_clean,,,,,
WAYMIU_manual,0.0,427.0,0.0,0.0,260.0
WORSUT_clean,,,,,
COXHON_clean,0.0,174.65740740740742,0.0,0.0,
QOVWOO_SL,0.0,427.0,0.0,0.0,260.0
FEDBEX_clean,,,,,
RUGGUX_clean,102.8425925925926,4.007936507936509,0.0,0.0,64.0925925925926
ADODUU_clean,,,,,
YUSWIU_clean,,342.0,,,
VASFUT_clean,,,,,
AQAJEI_clean,,,,,
FAGVUH_clean,,720.0,,,
IYAJUP_clean,0.0,427.0,0.0,0.0,260.0
LUFNAC_clean,,,,,
NAHHAI_clean,,,,,
VUKTEC_clean,,,,,
XOPMIA_clean,,,,,
OYEBIE_clean,0.0,427.0,0.0,0.0,260.0
FARHIR_ion_b,,,,,
PACGIM_clean,,,,,
VEPDEB_charged,25.632916666666667,-13.578055555555554,0.0,0.0,-17.809523809523807
KOZQEX_clean,,,,,
AJAMEF_clean,,312.5,,,
FEFVES_clean,,,,,
ENISOK_clean,,,,,
HOXJIO_charged,,,,,
HOWQOA_clean,,256.0,,,
COQLAX_clean,,720.0,,,
TAQGEZ_clean,,,,,
CUFJUK_clean,,,,,
DIMKER_clean,,,,,
ZOHBIJ_clean,235.0,188.0,0.0,0.0,160.0
UZUNAF01_clean,,,,,
AMILOY_clean,0.0,280.0,0.0,0.0,250.0
LASDEQ_clean,,,,,
HUYJUG_clean,,,,,
HOJLID_clean,,,,,
NAWXER_clean,,,,,
GUJREK_clean,,,,,
OYIVOI_clean,,,,,
YODRAM_clean,,315.0,,0.0,
VAGBOX_clean,,,,,
ZEFVEN_clean,0.0,174.65740740740742,0.0,0.0,
WOXKOL_clean,,,,,
VUKSOL_clean,,342.0,,,
EFEGOM_clean,0.0,427.0,0.0,0.0,260.0
OHAKEO_clean,,,,,
DOTFID_clean,,,,,
KOMCOG_clean,,,,,
HEGNIR_clean,277.51851851851853,42.21333333333333,0.0,0.0,
AFOQUI_clean,260.0,0.0,0.0,,170.0
TAJXIO07_clean,0.0,346.3333333333333,0.0,0.0,
XOTSIK_clean,,,,,
IYOVOI_clean,,359.0,,,
UNACIW_clean,,,,,
PUQXUV_clean,,,,,
HUCXAG_clean,,,,,
ETECIR_clean,0.0,174.65740740740742,0.0,0.0,
KAYBUJ_clean,,249.0,,,
SIDCAL_clean,,,,,
LUYSOP_clean,0.0,427.0,0.0,0.0,260.0
OWAVOY_clean,,,,,
MAFLUD_clean,,,,,
JORVET_clean,,,,,
QOSJIT_clean,,256.0,,,
VUKTAY_clean,,,,,
HAZGOF05_clean_h,0.0,427.0,0.0,0.0,260.0
EZEQOR_clean,0.0,427.0,0.0,0.0,260.0
NIMWUD_clean,,,,,
VIXPUP01_clean,,,,,
FUNCEX_clean,,,,,
POSGAH_clean,,,,,
NERVEL_clean,0.0,236.5822222222222,0.0,0.0,193.0
FEFDAX_clean,,,,,
HOWPEQ_clean,,,,,
MITSAK_clean,,,,,
GESDUF_clean,,,,,
CIMTEZ_charged,,720.0,,,
VEZMIY_clean,0.0,346.3333333333333,0.0,0.0,
OWIHOT_clean,,,,,
KOSLIP_clean,,,,,
RUVKAV_clean,,,,,
YELYOE_clean,,288.0,,,
KIXXOG_clean,,,,,
ODONEB_clean,,,,,
JUJZEV_clean,,,,,
VECWUX_clean,,,,,
XADDAJ_clean,,,,,
PEQWAK_clean,,,,,
KONCIA_clean,0.0,174.65740740740742,0.0,0.0,
NINVAI_clean,,,,,
XUNTAD_clean,,315.0,,0.0,
NUHQAK_clean,,,,,
FOXPUE_clean,,,,,
KEJHIQ_clean_h,,315.0,,0.0,
VEWKUF_clean,,,,,
EZABAJ_clean,260.0,0.0,0.0,,170.0
HOGQIF_clean,,,,,
GAVYAG_clean,,,,,
RUHFEH_clean,,,,,
ABEXIQ_clean,0.0,174.65740740740742,0.0,0.0,
TUKCOT_clean,,,,,
FATVOM_clean,,200.0,,,
SEHLEY_clean,,,,,
AVIMOI_clean,,,,,
GAKBAX_clean,,,,,
RAVVIU01_clean,102.8425925925926,4.007936507936509,0.0,0.0,64.0925925925926
QUDJIJ_clean,,,,,
KIYJAF_clean,,,,,
LUMYEZ_clean,,,,,
ONAWEG01_clean,,,,,
FAKGOP_clean,,,,,
JUGQIN_clean,,,,,
QIRWAR_clean,,,,,
KIYXUN_clean,,,,,
YOYVOZ01_clean,25.632916666666667,-13.578055555555554,0.0,0.0,-17.809523809523807
BASTUM_clean,,,,,
UVUDUM_clean,,,,,
DAXJET01_clean,,,,,
LAVTOT_clean,,,,,
TATSIS_clean,,315.0,,0.0,
HADXIW_clean,,0.0,,0.0,
YEYFEP_clean,,,,,
HURGUX01_clean,,,,,
UCAXEC_clean,140.0,135.30555555555554,0.0,0.0,
GAJZEY_clean,,,,,
EHAFEA_clean,,276.0,,0.0,
VEDFUH_clean,,315.0,,0.0,
IKETIC_clean,0.0,174.65740740740742,0.0,0.0,
KATDAM_clean,,,,,
FIJDIM01_clean,0.0,427.0,0.0,0.0,260.0
RUYQIN02_clean,,,,,
MUFXUI_clean,,,,,
AVESOL_clean,,,,,
WOGHEG_clean,,,,,
FOXHUX_clean,,,,,
WAPSUE_clean,0.0,0.0,,,
TADCOS_clean,277.51851851851853,42.21333333333333,0.0,0.0,
ZIDDIB_clean,,254.0,,,
DOTYES_clean,117.85555555555557,16.63992063492064,0.0,0.0,40.17460317460318
KUTRUO_clean,,,,,
VOPHUF_clean,,,,,
HEGNAJ_clean,277.51851851851853,42.21333333333333,0.0,0.0,
NUDNEH_clean,,249.0,,,
KOJZEP_manual,,,,,
DARBUU_clean,25.632916666666667,-13.578055555555554,0.0,0.0,-17.809523809523807
NELVEG_clean,,218.0,,,
IJEVIE_clean,,,,,
PEFRID_clean,,,,,
LAFFEG02_clean,,,,,
EBOJOV_clean,,,,,
AVETEC_clean,,,,,
WOBHEB_clean,,,,,
BETZOR_clean,,,,,
QUSSII_clean,0.0,427.0,0.0,0.0,260.0
VUKJUI_clean,,,,,
DARJUD_clean,277.51851851851853,42.21333333333333,0.0,0.0,
EXEQAA_clean,,,,,
PUPNAQ_clean,,,,,
DAMYUO_clean,,,,,
YOYVAL_clean,25.632916666666667,-13.578055555555554,0.0,0.0,-17.809523809523807
ARUCOH01_clean,,,,,
BOPWIO_clean,,,,,
WIDWOX_clean,,198.5,,,
WAQDOJ_charged,,,,,
EDIKIL_clean,0.0,174.65740740740742,0.0,0.0,
ABEFUL_clean,,,,,
MACKAE_clean,,,,,
VEMMEG_clean,,,,,
LIKDOA_clean,,,,,
PUZKOM_clean,,359.0,,,
AYOQEM_clean,,,,,
YOYQEK_clean,,,,,
ILUHON_clean,,252.0,,,
KOHKIC_clean,,,,,
HEKTUO01_clean,,,,,
IMIDZB10_clean,260.6666666666667,89.88,0.0,0.0,145.0
ZUQMAB_clean,,,,,
YARKOT_clean,,,,,
JIXWUJ02_clean,102.8425925925926,4.007936507936509,0.0,0.0,64.0925925925926
MAWTUC_clean,,,,,
QOPDEE_clean,277.51851851851853,42.21333333333333,0.0,0.0,
KOSLEL_clean,,,,,
BERFIP_clean,,158.94444444444446,0.0,0.0,
GEGSIW_clean,,,,,
MIKJAR_clean,277.51851851851853,42.21333333333333,0.0,0.0,
GITVEL01_clean,260.6666666666667,89.88,0.0,0.0,145.0
NEXXEV_clean,,,,,
OTOLIU_clean,,,,,
UZIGOB_clean,,,,,
MANDUD_clean,,,,,
YIXZEM_clean,,,,,
HIQWOV_clean,0.0,427.0,0.0,0.0,260.0
BOPHIZ_clean,,,,,
GIXGOK_clean,,,,,
GIQYEL_clean,0.0,0.0,,,
TAKVAF_clean,,,,,
HIHFUB_clean,,,,,
VAGMEX_clean,,,,,
EBIMEJ_clean,,,,,
BUKRUW03_clean,,,,,
EDOMAM_clean,,,,,
CUQTAL_clean,,,,,
LISZOE_clean,0.0,427.0,0.0,0.0,260.0
AFOTOF_clean,,,,,
CETHEQ_clean,,,,,
RUGZAW_clean,,,,,
ROYRII_clean,,315.0,,,
YUZRAO_clean,,,,,
HAWWOT_clean,,359.0,,,
QIQTAN_clean,,,,,
LUFQUZ_clean,25.632916666666667,-13.578055555555554,0.0,0.0,-17.809523809523807
GAJYUN_clean,,,,,
ABAYOU_clean,,,,,
NIWZIE13_clean,102.8425925925926,4.007936507936509,0.0,0.0,64.0925925925926
LUFNEG_clean,,,,,
RUWZUG_clean,,,,,
JOFKIA_clean,,,,,
CUXFIL_clean,,,,,
TONMEQ_clean,,,,,
FULQUZ_clean,,359.0,,,
CAZNEY_clean,,,,,
ASIQEA_clean,,,,,
NORJEL_clean,,315.0,,,
QOXFIU_clean,,245.0,0.0,0.0,0.0
ZASJAG_clean,,,,,
XADCEM_clean,,,,,
ICAQIO_clean,,,,,
PACZUQ_clean,,,,,
UVUFUN_clean,,,,,
MAHCIK_clean,,,,,
MIZKOW_clean,0.0,174.65740740740742,0.0,0.0,
HOGQAX_clean,0.0,174.65740740740742,0.0,0.0,
ESASEY_clean,,,,,
CIDKUX_clean,,,,,
PELQII_clean,,,,,
ZOXGUQ_clean,,,,,
MUNLUE_clean,,,,,
WITJOA_clean,,,,,
HIVQAG_clean,,315.0,,0.0,
EVADIQ_clean,,,,,
YARGAB_clean,,,,,
HEDBID_clean,,276.0,,0.0,
ODONIF_clean,,,,,
QARTEK_clean,,,,0.0,
SALXEL_clean,,342.0,,,
FUNBAS_clean,,,,,
MINVUA01_SL,0.0,427.0,0.0,0.0,260.0
HOWPIU_clean,,,,,
YUKKAR_clean,0.0,174.65740740740742,0.0,0.0,
PUMZAZ_clean,0.0,174.65740740740742,0.0,0.0,
DONXUB_clean,261.4,10.38962962962963,0.0,0.0,
GAXWAF_clean,0.0,427.0,0.0,0.0,260.0
EHAFOK_clean,,276.0,,0.0,
YOYVEP01_clean,25.632916666666667,-13.578055555555554,0.0,0.0,-17.809523809523807
YUKTUU_clean,102.8425925925926,4.007936507936509,0.0,0.0,64.0925925925926
MUHNAG_clean,0.0,427.0,0.0,0.0,260.0
QITZIE_clean,,,,,
FECXAO_clean,,,,,
IGINIX_clean,,254.0,,,
YIZGIZ_clean,277.51851851851853,42.21333333333333,0.0,0.0,
TUTHIA_clean,,,,,
IZIHAC_clean,,,,,
XADGAM_clean,,,,,
ZOXTOX_clean,,,,,
XIFHIF_clean,,342.0,,,
NUHRAL_clean,,,,,
VIXVUV_clean,337.6666666666667,151.78444444444443,0.0,0.0,193.58333333333331
FUSMIQ_clean,,,,,
HICZEA_clean,,,,,
NUFCAU_clean,,,,,
HAWWEK_clean,115.0,55.0,,,
JEXXAM_clean,102.8425925925926,4.007936507936509,0.0,0.0,64.0925925925926
IGUCIY_clean,260.6666666666667,89.88,0.0,0.0,145.0
XOJWOJ_clean,,,,,
RUHFIL_clean,,,,,
HOGQEB_clean,0.0,174.65740740740742,0.0,0.0,
LEVYOC_clean,,0.0,,,
XIHXAP_clean,39.15555555555555,-62.5,0.0,,-7.148148148148148
BURQIQ_clean,,,,,
PAFMUH_clean,,,,,
RUMROI_clean,,,,,
EYACOX_clean,,,,,
HUHJAW_clean,,,,,
HEDBOJ_clean,,0.0,,0.0,
ENESUN_clean,,,,,
EHAFIE_clean,,276.0,,0.0,
ISIYOZ_clean,102.8425925925926,4.007936507936509,0.0,0.0,64.0925925925926
NISBEX_clean,,,,,
HUZSOL_clean,152.87111111111113,-60.77619047619047,0.0,0.0,60.507936507936506
MAGBON_clean,,,,,
ECORIX_clean,,,,,
TETWOG_clean,,,,,
KOMDAT_clean,,,,,
OFUYUL_SL,,293.0,,,
QUFGED_clean,277.51851851851853,42.21333333333333,0.0,0.0,
QUQFIS_clean,,,,,
MIFVEE_clean,,,,,
TAJXIO01_clean,0.0,346.3333333333333,0.0,0.0,
EBAVUB_clean,,,,,
QIPROY_clean,,,,,
BASTIA_clean,,,,,
JEXWUF_clean,102.8425925925926,4.007936507936509,0.0,0.0,64.0925925925926
DAXKOE_charged,,,,,
FAGXOD_clean,,,,,
KIYMIP_clean,,,,,
AQOSEG_clean,,,,,
DUKNII_clean,,,,,
AHEQAH_clean,,,,,
VOCNOQ_clean,0.0,236.5822222222222,0.0,0.0,193.0
IJEVEA_clean,,,,,
UKUCAF_clean,,,,,
WEFDAO_clean,,,,,
QOJYEV_clean,,,,,
ENITAX_clean,,,,,
MIFQOJ_clean,,,,,
AVUJIL_clean,0.0,174.65740740740742,0.0,0.0,
COWMAD_clean,,,,,
BAXSIE_clean,,,,,
HIYLUY_clean,,,,,
FALZEY_clean,277.51851851851853,42.21333333333333,0.0,0.0,
ZACHIX_clean,,,,,
LITCOI_clean,,,,,
HOMXIR_manual,0.0,427.0,0.0,0.0,260.0
DITYOW_clean,,,,,
DACXUB_clean,,,,,
FOKYIP_clean,,,,,
BUSQUC_clean,,,,,
ZUDXAZ_clean,,,,,
GUHGOH_clean,,,,,
YOYQIO_clean,,,,,
UXUYUI_clean,,149.8,,,
HAPVEB_clean,,0.0,,0.0,
JUXFAL_clean,,,,,
UMEDEX_clean,,,,,
RUHFUX_clean,,,,,
IHIMAP01_clean,235.0,188.0,0.0,0.0,160.0
HOCDIO_clean,0.0,174.65740740740742,0.0,0.0,
NUFBUN_clean,,,,,
CAWZUX_clean,,,,,
FUSMEM_clean,,,,,
XOCWIX_clean,,276.0,,0.0,
QITXAU_clean,,,,,
EJOQUR_clean,,,,,
REYCOP_clean,,,,,
NIMPEG01_clean,,,,,
HIDBON_clean,,,,,
RAZYIC_clean,,,,,
PEDMOB_clean,,,,,
GARLET_clean,,,,,
ZIJVOF01_clean,,,,,
QULMIU_clean,,,,,
SUWBET_clean,,,,,
NUVYOT_clean,,,,,
VAGBUD_clean,,,,,
HAPVAX_clean,,0.0,,0.0,
IFAREN_charged,,,,,
PUYHOI_clean,,148.0,,,
SALXIP_clean,,342.0,,,
EMIYEF_clean,,,,,
HEDBUP_clean,,0.0,,0.0,
LIBQIY_clean,,252.0,,,
VAGKOF_clean,,,,,
XENMIO_SL,,,,,
KOSKUA_clean,,,,,
AGUWUV_clean,,276.0,,0.0,
ILOTOT_clean,,,,,
TETZEZ_clean,,,,,
SERLEI_clean,0.0,346.3333333333333,0.0,0.0,
KINFEU_clean,0.0,427.0,0.0,0.0,260.0
DIYKAZ_clean,,,,,
EJONOH_clean,,276.0,,0.0,
FOBNAN_clean,,315.0,,,
PUGFII_clean,,,,,
HOTWUJ_clean,0.0,174.65740740740742,0.0,0.0,
AGONAM_clean,,276.0,,0.0,
RESSAK_clean,,,,,
QUHMOX_clean,102.8425925925926,4.007936507936509,0.0,0.0,64.0925925925926
PIQMOT_clean,,,,,
LEVPAF_clean,,,,,
EHAFUQ_clean,,276.0,,0.0,
OZUMAZ01_clean,,,,,
PATNAB_clean,,,,,
WEVQOD01_clean,,148.0,,,
PUGSER_clean,,,,,
BAZFUF_clean,,,,,
NUCYAN_clean,,,,,
AFUKIX_clean,,,,,
IQOJEF_clean,,,,,
EHUCOA_clean,25.632916666666667,-13.578055555555554,0.0,0.0,-17.809523809523807
GIYTIS_SL,,,,,
ASIQIE_clean,,,,,
KAYBIX_clean,,254.0,,,
ZOXGOK_clean,,,,,
EHODOV_SL,,,,,
CEZFIY_clean,,,,,
QOSJUF_clean,117.85555555555557,16.63992063492064,0.0,0.0,40.17460317460318
QUZVEO_clean,,342.0,,,
ARAFOP_clean,,,,,
HEKTAU_clean,,,,,
GISZUF_clean,261.4,10.38962962962963,0.0,0.0,
HIFGIO_SL,,,,,
OBUFEX_clean,,0.0,,0.0,
XALMII_clean,117.85555555555557,16.63992063492064,0.0,0.0,40.17460317460318
NIWZIE14_clean,102.8425925925926,4.007936507936509,0.0,0.0,64.0925925925926
DAWWAB_clean,,,,,
VEGXIQ_clean,,,,,
DISSUU_clean,277.51851851851853,42.21333333333333,0.0,0.0,
BASTEW_clean,,,,,
YARBUQ_clean,,,,,
TURFET_clean,,123.5,,,
XAVQIU01_clean,,,,,
VEZMOE_clean,0.0,346.3333333333333,0.0,0.0,
XOQXIL_clean,,,,,
AWEZOS01_clean,,,,,
JUNBUR_clean,,,,,
BETHIT_clean,,,,,
YOZBAS_clean,174.0,158.5,0.0,0.0,62.0
CISMEY_clean,,,,,
LACGAZ_clean,0.0,346.3333333333333,0.0,0.0,
TIKMEH_clean,,200.0,,,
VIXZUZ_clean,,,,,
MEJZOS_clean,,,,,
AROFET_clean,,,,,
EHAGIF_clean,,276.0,,0.0,
KUTHOY_clean,,,,,
EWUKEO_clean,,,,,
IBICED_clean,,,,,
IQIJIC_clean,,,,,
IYUCEM_clean,,,,,
HUNCUQ_clean,,,,,
XAWZOM_clean,,,,,
BINROH_clean,,,,,
CELZEA_clean,,,,,
SANJAV_clean,,,,,
KORMOV_clean,,,,,
WOSHET_clean,25.632916666666667,-13.578055555555554,0.0,0.0,-17.809523809523807
UVARUF_clean,,,,,
RAJFAM_clean,,,,,
RUGJIO_clean,102.8425925925926,4.007936507936509,0.0,0.0,64.0925925925926
IXUQUO_clean,0.0,427.0,0.0,0.0,260.0
MOTMAK_clean,0.0,346.3333333333333,0.0,0.0,
ASEJOZ_clean,,,,,
ASADAA_clean,,,,,
KODSUT_clean,,,,,
IBUBAL_clean,,0.0,,,
LIQDAS_clean,174.0,158.5,0.0,0.0,62.0
IGUTEK_clean,277.51851851851853,42.21333333333333,0.0,0.0,
SOYWUZ_clean,,,,,
LAWHUP_clean,,,,,
PEJPIF_charged,,,,,
SERCEZ_clean,,,,,
XENKIM_clean,,,,,
KUHNIM_clean,,276.0,,0.0,
KETHEY02_clean,,,,,
IXURID_clean,,,,,
EBELUU_clean,,,,,
FEXCES_clean,,,,,
LASMAV_neutral,,315.0,,0.0,
BAZFUF01_clean,,,,,
NAJSUP_clean,,,,,
VOCQAF_clean,,,,,
DONNAW_clean,0.0,427.0,0.0,0.0,260.0
RIWMUH_clean,,,,,
ZOXFEZ_clean,,,,,
VAZMAM_clean,0.0,174.65740740740742,0.0,0.0,
FOPBAP_clean,235.0,188.0,0.0,0.0,160.0
LITDAV_clean,,,,,
LEYREO_clean,,252.0,,,
YARZEZ03_clean,,,,,
WAJHOG_clean,,,,,
WOLYON_clean,,,,,
YUPSIM_clean,,,,,
TIQGEG_clean,,,,,
MAXJOM_clean,,,,,
SIVGUB_clean,,,,,
APAYUN_clean,,,,,
AWAREV_clean,,,,,
VEHJOJ_clean,,,,,
UGOFED_clean,,,,,
QADVUN_clean,277.51851851851853,42.21333333333333,0.0,0.0,
MALWUU_clean,,276.0,,0.0,
XUBJAF_clean,140.0,135.30555555555554,0.0,0.0,
VEHJUP_clean,,,,,
SOJKOT03_clean,102.8425925925926,4.007936507936509,0.0,0.0,64.0925925925926
EYINOR_clean,,,,,
GIFFEI_clean,,,,,
ZIKJIO_clean,,,,,
EHAGUR_clean,,276.0,,0.0,
NOHKOM_clean,,,,,
UWOWAF_clean,,,,,
XUYXAR_clean,,,,,
KUVYAD_clean,,,,,
REGMUN_clean,,,,,
NEVJOP_clean,,,,,
PEWFII_clean,,276.0,,0.0,
FUTKEL_manual,,,,,
NEGZUW_clean,,,,,
ZUZZEB_clean,,,,,
FUTTIZ_clean,174.0,158.5,0.0,0.0,62.0
BENZUR_clean,,,,,
NEXVUI_clean,,,,,
JIZJOT_clean,122.0,22.866666666675,0.0,0.0,111.5
KIYMAI_clean,,,,,
KINLAW_clean,,,,,
KOSJEJ_clean,,,,,
HEZKIH_clean,,,,,
RAVDEZ_clean,,,,,
REHVAD_clean,,,,,
LAWHOJ_clean,,,,,
GUHNUU_clean,,,,,
ZALDUO_clean,25.632916666666667,-13.578055555555554,0.0,0.0,-17.809523809523807
OXAPEJ_charged,,,,,
YOZJEE01_clean,25.632916666666667,-13.578055555555554,0.0,0.0,-17.809523809523807
UFENEZ_clean,25.632916666666667,-13.578055555555554,0.0,0.0,-17.809523809523807
FERVUV_clean,25.632916666666667,-13.578055555555554,0.0,0.0,-17.809523809523807
FIJDIM06_clean,0.0,427.0,0.0,0.0,260.0
FORQAF_clean,,252.0,,,
NUTYEI_clean,,,,,
EMICUZ_clean,,,,,
DUXSIA_clean,,,,,
VEHRIL_clean,,252.0,,,
WECBEN_clean,0.0,174.65740740740742,0.0,0.0,
CEFLEF_clean,,252.0,,,
LELMIA_clean,,359.0,,,
OJIWAG_clean,,,,,
CIPCUB_clean,,,,,
ALUJEX_clean,0.0,427.0,0.0,0.0,260.0
LOQLEJ_manual,0.0,427.0,0.0,0.0,260.0
KOMJIH_clean,,148.0,,,
WULQUR_clean,,,,,
YATDUV_clean,,,,,
YUYGOQ_clean,,,,,
OCUTEM_clean,,,,,
BUGSAY_clean,,,,,
MASZOX_clean,305.0,111.0,,,
CIVTEH_clean,,,,,
IXAMIE_clean,277.51851851851853,42.21333333333333,0.0,0.0,
BETGAK_clean,,,,,
QIVZEC_clean,,,,,
EDOYOL_clean,277.51851851851853,42.21333333333333,0.0,0.0,
UPOVOL_clean,,,,,
OCUQOT_clean,,,,,
BUGSEC_clean,,,,,
NAFSOF_clean,,,,,
TAPKAY_clean,0.0,0.0,,0.0,
GEGGIK_clean,,,,,
BEPREV02_clean,,,,,
SANHOH_clean,,,,,
APAZEY_clean,,,,,
DIDBEZ_clean,,,,,
QOVWOP_clean,,,,,
XAHWAG_clean,,,,,
YASPEP_clean,,151.0,,,
XOLGEM_clean,,,,,
CODSUL_clean,,,,,
FERVEF_clean,25.632916666666667,-13.578055555555554,0.0,0.0,-17.809523809523807
VEDFIV_clean,,315.0,,0.0,
JUGLAA_clean,,,,,
XOQXEH_clean,,,,,
HAHCUR_clean,0.0,174.65740740740742,0.0,0.0,
FONKEA_clean,,,,,
EBAVAH_auto,,,,,
EHAGAX_clean,,276.0,,0.0,
TASXIW_clean,,,,,
OKIPUU_clean,0.0,427.0,0.0,0.0,260.0
EWUTEW_clean,305.0,111.0,,,
WECFAN_clean,,,,,
KOSJUZ_clean,,,,,
BUKYAJ_clean,101.17222222222222,11.776851851851852,0.0,,14.351851851851853
EFILUA_clean,277.51851851851853,42.21333333333333,0.0,0.0,
DUDZOT_clean,,,,,
OTUXUX_clean,,,,,
ESEHIV_clean,,,,,
XUCSAR01_clean,0.0,174.65740740740742,0.0,0.0,
ENIHUG_clean,,,,,
TOBKAY_clean,,,,,
XAMHEA_manual,,,,,
PATWOY_clean,,,,,
XUMVOS_clean,,,,,
VUJBEI_clean,,,,,
BOWZUK_clean,,,,,
TOBKEC_clean,,,,,
OMIMEE_clean,,,,,
DUDKUK_clean,,,,,
FUWFOU_clean,,,,,
BOWDIC_clean,,315.0,,0.0,
HUCXUA_clean,,,,,
HOXSAQ_clean,,,,,
WUWQEL_clean,,,,,
EHAGEB_clean,,276.0,,0.0,
ETEJUJ_clean,,,,,
IFUNUU_clean,,,,,
XEHSUZ_clean,102.8425925925926,4.007936507936509,0.0,0.0,64.0925925925926
YIZGOF_clean,277.51851851851853,42.21333333333333,0.0,0.0,
YUWHOO_SL,260.6666666666667,89.88,0.0,0.0,145.0
BETHEP_clean,,,,,
LOFVUY01_clean,,,,,
BUVHEH_clean,0.0,427.0,0.0,0.0,260.0
IGETUL_clean,,,,,
KUHNEI_clean,,276.0,,0.0,
OKIVUA_clean,,,,,
HOHJAR_clean,0.0,236.5822222222222,0.0,0.0,193.0
OSIXEU_clean,,,,,
UXUPEK_clean,,218.0,,,
DONNAW01_SL,0.0,427.0,0.0,0.0,260.0
XEDGIY_clean,,,,,
HOFMAS_clean,,,,,
SUFJIO_clean,,,,,
NAWKII_clean,,,,,
HOWPUF_clean,0.0,280.0,0.0,0.0,250.0
UHISOU_clean,,276.0,,0.0,
NAHNES_clean,,,,,
BAKGIF_manual,,,,,
RAYFAA_clean,261.4,10.38962962962963,0.0,0.0,
ECOROD_clean,,,,,
NIRDEX_clean,0.0,174.65740740740742,0.0,0.0,
YOYTOX_clean,25.632916666666667,-13.578055555555554,0.0,0.0,-17.809523809523807
HAZGOF03_clean_h,0.0,427.0,0.0,0.0,260.0
WURKEB_clean,,,,,
SOCLAZ_clean,,,,,
RUGJEK_clean,102.8425925925926,4.007936507936509,0.0,0.0,64.0925925925926
NEYYUN_clean,,,,,
EMUVAL_clean,0.0,174.65740740740742,0.0,0.0,
DEYJIC_clean,,,,,
APAYIB_clean,,,,,
DOYHOQ_clean,,,,,
HICVOG_clean,,,,,
IBICON_clean,,,,,
RUYNIK_clean,122.0,22.866666666675,0.0,0.0,111.5
OKITAE_clean,,,,,
ATUXUK_clean,,,,,
PUGHIK_clean,,,,,
EGAGAW_clean,,,,,
DAWDAI_clean,,,,,
ZOZPUB_clean,,,,,
SEQTEP_clean,117.85555555555557,16.63992063492064,0.0,0.0,40.17460317460318
UGEPEB01_clean,,315.0,,0.0,
BELTUJ_clean,,,,,
LIJNOJ_clean,,,,,
GIYSEN_clean,,,,,
YUKVAC_clean,102.8425925925926,4.007936507936509,0.0,0.0,64.0925925925926
FAGXIX_clean,,,,,
RUGYOJ_clean,,,,,
ENOSAD_clean,,,,,
OBIBOT_clean,,,,,
USOXEH_clean,260.6666666666667,89.88,0.0,0.0,145.0
ASINIB_clean,,,,,
XOCWOD_clean,,276.0,,0.0,
GUHPAC_clean,,,,,
SUSZIQ_clean,277.51851851851853,42.21333333333333,0.0,0.0,
RESWUI02_clean,0.0,427.0,0.0,0.0,260.0
MUWQEB_clean,,,,,
SABXEB_clean,,,,,
PACYIE_clean,260.0,0.0,0.0,,170.0
DIVNAY_clean,0.0,174.65740740740742,0.0,0.0,
QOHYET_clean,,,,,
TIXMIX_clean,,,,,
NUYWEK_clean,,,,,
ILIMUN_clean,,,,,
IWELIG01_clean,,,,,
ETEKAQ_clean,,,,,
XOQXOR_SL,,,,,
LAVSUY_clean,,,,,
GUBKUL_clean,,0.0,,0.0,
EXAXAE_clean,,324.0,,,
DIMJUG_clean,,,,,
PUGSUH_clean,,,,,
CIWYUD_clean,,249.0,,,
NUTYIM_clean,,,,,
UREVOE_clean,,324.0,,,
PUNCIL_clean,,,,,
HIYMEJ_clean,,,,,
EBOCOQ_clean,,,,,
AMUFEV_clean,,,,,
SIWZOP_clean,102.8425925925926,4.007936507936509,0.0,0.0,64.0925925925926
ROMQAN_clean,,,,,
XOKHIP_clean,,,,,
FIFPAM_clean,102.8425925925926,4.007936507936509,0.0,0.0,64.0925925925926
TAJXIO06_clean,0.0,346.3333333333333,0.0,0.0,
COVYIX_clean,,,,,
HARNAR_clean,,,,,
KOSJIN_clean,,,,,
IXISOZ02_clean,0.0,427.0,0.0,0.0,260.0
DUJRAD_clean,,359.0,,,
KUXVIJ_clean,117.85555555555557,16.63992063492064,0.0,0.0,40.17460317460318
VUKHOZ_clean,,,,,
EQERAU_clean,,,,,
IXAMEA_clean,277.51851851851853,42.21333333333333,0.0,0.0,
SOTXAC_clean,,,,,
USORUR_clean,,,,,
GIKQIC_clean,,,,,
XULDOZ_clean,,,,,
SIRBIG07_clean,-78.47200000000001,-70.17391666666666,0.0,,0.0
GUFREF_clean,,,,,
GIYSIR_clean,,,,,
TEWFOS_clean,,,,,
ZAVQIY_clean,,,,,
HOWSIX_clean,,,,,
AJUNOK_clean,0.0,427.0,0.0,0.0,260.0
BACGAQ_clean,,,,,
JOQZUM_clean,25.632916666666667,-13.578055555555554,0.0,0.0,-17.809523809523807
MAYKOO_clean,174.0,158.5,0.0,0.0,62.0
VITZEF_clean,,,,,
LIPQIL_clean,,,,,
YINCOP_clean,,,,,
DAWBOU_clean,0.0,130.985,0.0,0.0,
NOHHID_clean,,,,,
HOGPUQ_clean,0.0,174.65740740740742,0.0,0.0,
PEYPIU_clean,,,,,
TAKTOR_clean,,,,,
WOZWEP_clean,,,,,
RESWUI_clean,0.0,427.0,0.0,0.0,260.0
BIQHEQ_clean,25.632916666666667,-13.578055555555554,0.0,0.0,-17.809523809523807
FOFHAK_clean,0.0,174.65740740740742,0.0,0.0,
DAXKIY_clean,,,,,
TAZLUD_clean,,,,,
MIXKUB_clean,235.0,188.0,0.0,0.0,160.0
BUGSIG_clean,,,,,
BOMCOX_clean,,,,,
WIDZUG_clean,235.0,188.0,0.0,0.0,160.0
OSURAX_clean,,,,,
LUYHAP_clean,,,,,
WEBKOD_clean,,315.0,,0.0,
HAZGOF_clean,0.0,427.0,0.0,0.0,260.0
MATPUV_clean,,,,,
VEGXUC_clean,,,,,
POLYEW_clean,,,,,
OTOROF_clean,25.632916666666667,-13.578055555555554,0.0,0.0,-17.809523809523807
DAFHEZ_clean,0.0,346.3333333333333,0.0,0.0,
EQUBIC_clean,,,,,
COTYIV_clean,,,,,
LUJBAV_clean,,,,,
NOHLED_clean,,,,,
QIHXIQ_clean,,,,,
RUYQIN03_clean,,,,,
CUYYAX_clean,,,,,
OWIHUZ_clean,,,,,
RUHCED_SL,0.0,427.0,0.0,0.0,260.0
MOYYEF_clean,,,,,
GAGTAM_clean,,,,,
MUTDIQ_clean,,,,,
TAKYOV_clean,,252.0,,,
XEVVUQ_clean,0.0,174.65740740740742,0.0,0.0,
CISMIC_clean,,,,,
PEFRID01_clean,,,,,
HIFTOG02_clean,0.0,427.0,0.0,0.0,260.0
HAZGOF06_clean_h,0.0,427.0,0.0,0.0,260.0
GOWHOR_clean,,,,,
VERZEZ_clean,102.8425925925926,4.007936507936509,0.0,0.0,64.0925925925926
IQEWOQ_clean,102.8425925925926,4.007936507936509,0.0,0.0,64.0925925925926
GOBSUM_clean,174.0,158.5,0.0,0.0,62.0
POVZOR_clean,,,,,
YOTRUW_clean,0.0,174.65740740740742,0.0,0.0,
JUFREJ_clean,,,,,
DIBXIX_clean,,,,,
TUKCUZ_clean,,293.0,,,
BIRSIG_clean,0.0,346.3333333333333,0.0,0.0,
GAXKOH_clean,,,,,
EWUSOF_clean,305.0,111.0,,,
QUVDUH_clean,0.0,174.65740740740742,0.0,0.0,
NATXIR_clean,,,,,
BUSGOM_clean,0.0,174.65740740740742,0.0,0.0,
UVARIT_clean,,,,,
FAHPOV_clean,,,,,
EQUNIP_clean,,,,,
AHOKOX_clean,,,,,
YONNAR_clean,,,,,
EBIHII_clean,117.85555555555557,16.63992063492064,0.0,0.0,40.17460317460318
LUFNAC01_clean,,,,,
ISIYOZ01_clean,102.8425925925926,4.007936507936509,0.0,0.0,64.0925925925926
ICAQOU_clean,,,,,
MAHCOQ_clean,,,,,
PUQHIT_SL,,,,,
YOYWEQ01_clean,25.632916666666667,-13.578055555555554,0.0,0.0,-17.809523809523807
KOBFIR_clean,,,,,
ORAGOF_clean,117.85555555555557,16.63992063492064,0.0,0.0,40.17460317460318
TIQGEG01_clean,,,,,
IQOHON_clean,,,,,
NEZBOK_clean,0.0,174.65740740740742,0.0,0.0,
LAVTUZ_clean,,,,,
CAXTEC_clean,64.46481481481482,-97.76190476190474,0.0,0.0,11.370833333333334
IBABUL_clean,,0.0,,,
LOQLIN_SL,0.0,427.0,0.0,0.0,260.0
YUKVEG_clean,102.8425925925926,4.007936507936509,0.0,0.0,64.0925925925926
ISIKOL_clean,,,,,
HICZAW_clean,,,,,
HAWWIN_clean,,359.0,,,
ZOZHON_clean,,,,,
CAXTAY_clean,64.46481481481482,-97.76190476190474,0.0,0.0,11.370833333333334
OVIZUP_clean,,,,,
TISPAO_clean,,,,,
SIRZUQ_clean,,,,,
UVAROZ_clean,,,,,
WAHNEB_clean,,,,,
ABAYIO_clean,,,,,
MIQLII_clean,,,,,
GEZYOB_clean,,,,,
UWUTIQ_clean,0.0,427.0,0.0,0.0,260.0
RAYFEE_clean,261.4,10.38962962962963,0.0,0.0,
XAGPUT_clean,,276.0,,0.0,
GUWDUY_clean,305.0,111.0,,,
KOFVOS_clean,,,,,
TATPOV_clean,,,,,
LACBID_clean,,,,,
EXOZIB_clean,,,,,
VERPOZ_clean,,,,,
TISGUY_clean,,233.5,,,
GITTUZ_clean,,,,,
SIVGIP_clean,,,,,
CIZMIJ_clean,,,,,
PUVREF_clean,25.632916666666667,-13.578055555555554,0.0,0.0,-17.809523809523807
BUKRUW02_clean,,,,,
SOTWUV_clean,,,,,
XUNRUV_clean,,315.0,,0.0,
VEDFAN_clean,,315.0,,0.0,
BEYSEF_clean,,360.0,,0.0,
WOPHEQ_clean,,,,,
QUDJOP_clean,,,,,
AMOYOR_clean,,,,,
MASZUD_clean,305.0,111.0,,,
AMUFAR_clean,,,,,
CAZNOI_charged,,,,,
NARMUR_clean,0.0,174.65740740740742,0.0,0.0,
ZOXVEP_clean,,,,,
NADZEZ_clean,,,,,
AHOBEG_clean,,,,,
OVIZOJ_clean,,,,,
WOJZEC_clean,,,,,
WOJZAY_clean,,,,,
ULUVUT_clean,,,,,
GUHPEG_clean,,,,,
NAYXOC_clean,,,,,
NIWZIE12_clean,102.8425925925926,4.007936507936509,0.0,0.0,64.0925925925926
IQOHUT_clean,,,,,
HORCUN_clean,,,,,
ETEKEU_clean,,,,,
XUNSIK_clean,,315.0,,0.0,
HABKOM_clean,277.51851851851853,42.21333333333333,0.0,0.0,
CUYVOI_clean,,276.0,,0.0,
OWIHIN_clean,,,,,
ECIYEU_clean,277.51851851851853,42.21333333333333,0.0,0.0,
KEFBEE_clean,,,,,
AMOZAE_clean,,,,,
JUSHAI_clean,,,,,
OYERIV_clean,0.0,236.5822222222222,0.0,0.0,193.0
DUYROF_clean,,252.0,,,
QIYDIN01_clean,,,,,
VITZAB_clean,,,,,
LIQFEY_clean,,,,,
XOVVIO_clean,260.0,0.0,0.0,,170.0
HAWWUZ_clean,,359.0,,,
OVIZID_clean,,,,,
WONRUM02_clean,277.51851851851853,42.21333333333333,0.0,0.0,
IKOKEA_clean,277.51851851851853,42.21333333333333,0.0,0.0,
GISWEM_clean,,,,,
KIDXUR_clean,,,,,
SANGUM_clean,,,,,
DAXHIV01_clean,,,,,
IGIZEF_clean,0.0,0.0,,,
MONWET_clean,,,,,
RAJFEQ_clean,,,,,
GUDJOG_clean,,,,,
KEYMUY_clean,,293.0,,,
UKEXEP_clean,,,,,
BEPRIZ_clean,,,,,
OHAZAZ_clean,,,,,
XUCSAR_clean,0.0,174.65740740740742,0.0,0.0,
KAJZIH_clean,,,,,
EQUNEL_clean,,,,,
SUTJIC_clean,,,,,
RIYWED_clean,,,,,
FULQOT_clean,,359.0,,,
VUQJUN01_clean,,,,,
HIFVOI_clean,260.6666666666667,89.88,0.0,0.0,145.0
YOJMAN_clean,260.0,0.0,0.0,,170.0
JUGQOT_clean,,,,,
KIBDIJ_clean,0.0,174.65740740740742,0.0,0.0,
MIFSAX_clean,,,,,
IGUVIR_clean,,,,,
HIHGEM_manual,,,,,
PAPVEJ_clean,,,,,
APAZIC_clean,,,,,
HUNFIH_clean,,,,,
QIVYUR_clean,,,,,
XEGKOL_clean,,,,,
TIVFAG_clean,,,,,
NUDMOQ_clean,,249.0,,,
OWIJOV_clean,,,,,
CUKVUA_clean,,,,,
LAVTIN_clean,,,,,
NUVYIN_clean,,,,,
XISXEE_clean,,,,,
XAPTEQ_clean,,,,,
YOYTUD_clean,25.632916666666667,-13.578055555555554,0.0,0.0,-17.809523809523807
KIRKAZ_clean,,,,,
NIYZIG_clean,,,,,
HOWPOZ_clean,0.0,280.0,0.0,0.0,250.0
AROFAP_clean,,,,,
KEJBOQ_clean_h,,315.0,,0.0,
TEZKAM_clean,,,,,
EWUKAK_clean,,,,,
JUYROM_clean,,293.0,,,
KAKCAD_clean,,,,,
EQUBUO_clean,,,,,
RAYKIN_clean,,,,,
MUZHUL_charged,,276.0,,0.0,
NATHOH_ion_b,277.51851851851853,42.21333333333333,0.0,0.0,
SONVEX_neutral_b,,,,,
UNIPAJ_clean,,,,,
LAFFEG_clean,,,,,
KOSKAG_clean,,,,,
ZUHSEC_clean,,,,,
WUDTOG_clean,,,,,
HOKLIE_clean,,,,,
REVYUO_clean,,,,,
HOCDOU_clean,0.0,174.65740740740742,0.0,0.0,
RUBDUP_clean,,,,,
BIRSEC_clean,0.0,346.3333333333333,0.0,0.0,
BASTAS_clean,,,,,
KIYMIQ_clean,,,,,
ILUJEF_clean,,252.0,,,
DIRPIF_clean,,,,,
YARKEJ_clean,,,,,
HUYKAN_clean,,,,,
ETEJIX_clean,,,,,
VULKIX_clean,,,,,
YOYQOU_clean,,,,,
ROMQER_clean,,,,,
RUWWOW01_clean,,,,,
BASSOF_clean,,,,,
EZOFOP_clean,,,,,
DATHAJ_clean,,,,,
XASPEP_clean,,,,,
CEKHIL_clean,,,,,
CUQRIR_clean,,,,,
TAJXIO_clean,0.0,346.3333333333333,0.0,0.0,
SEHSII_clean,,,,,
KOLWEO_clean,,,,,
ARAFIJ_clean,,,,,
GEFYUN_clean,,,,,
LEYRAK_clean,,252.0,,,
AFOVAT_clean,,,,,
EYULOA_clean,,,,,
BOYCEY_auto,,,,,
UWUKII_clean,,,,,
UCOCUM_neutral,,,,,
HIFTOG_clean,0.0,427.0,0.0,0.0,260.0
GETXAG_clean,,,,,
TEYLIU_clean,,,,,
TIJPOT_clean,,,,,
YARZEZ_clean,,,,,
XADDIR_manual,,,,,
HAQKES_clean,117.85555555555557,16.63992063492064,0.0,0.0,40.17460317460318
IQABEJ_clean,260.0,0.0,0.0,,170.0
BOXYEU_clean,0.0,174.65740740740742,0.0,0.0,
VAYFUY_clean,,,,,
UMELUU_clean,,,,,
ZIGWUJ_clean,245.0,24.0,0.0,0.0,129.22222222222223
ATUXIY_clean,,,,,
MAQZOV_clean,235.0,188.0,0.0,0.0,160.0
HAZNIH_clean,,,,,
ANEHEI_clean,,360.0,,0.0,
DIBJEF_clean,,,,,
DIWMON_clean,152.87111111111113,-60.77619047619047,0.0,0.0,60.507936507936506
WAHNIF_clean,,,,,
WEHHOI_clean,,,,,
GESFAN_clean,,,,,
MIFSUR_clean,,,,,
HEYBIX_clean,277.51851851851853,42.21333333333333,0.0,0.0,
ZOYKAB_clean,0.0,346.3333333333333,0.0,0.0,
WOJZIG_clean,,,,,
FIFNUE_clean,102.8425925925926,4.007936507936509,0.0,0.0,64.0925925925926
ASINEX_clean,,,,,
EBOTOF_clean,,,,,
KIYMEM_clean,,,,,
OTUYEJ_clean,113.57666666666667,2.0344444444444445,0.0,0.0,45.166666666666664
PIHWOU_clean,277.51851851851853,42.21333333333333,0.0,0.0,
KEFBOO_clean,,,,,
PEKCUF_clean,,,,,
OVIDON_clean,,,,,
YOMVIG_clean,277.51851851851853,42.21333333333333,0.0,0.0,
DIMKUH_clean,,,,,
RUGKOV_clean,,,,,
WOPHIU_clean,,,,,
DIVMUR_clean,0.0,174.65740740740742,0.0,0.0,
DEYNIG_clean,,,,,
XAFXOT_clean,,,,,
WEVQIX_clean,,148.0,,,
OCUPUY_clean,,,,,
SABVOH01_clean,0.0,427.0,0.0,0.0,260.0
TAZLOX_clean,,,,,
OWIHEJ_clean,,,,,
UCEXAC_clean,0.0,427.0,0.0,0.0,260.0
DUPJAB_clean,,,,,
PIJDIX_clean,,,,,
VUWRUC_clean,,,,,
WEHJAW_clean,,,,,
QOVSOL_clean,,,,,
VOCKUT_clean,0.0,236.5822222222222,0.0,0.0,193.0
TATYUL_clean,0.0,0.0,0.0,0.0,
CASTEW_clean,,276.0,,0.0,
POHLUV_clean,,,,,
HUZKUJ_clean,0.0,174.65740740740742,0.0,0.0,
EBINUA02_clean,,,,,
VUNCAJ_clean,,,,,
IBUBIT_clean,260.0,0.0,0.0,,170.0
PIQMUZ_clean,,,,,
VIXTUT_clean,235.0,188.0,0.0,0.0,160.0
COWROX_clean,,,,,
KANDIO_clean,,,,,
PELXIP_clean,,,,,
JOSNAG_clean,337.6666666666667,151.78444444444443,0.0,0.0,193.58333333333331
QAVBUL_clean,,,,,
UKUBOS_clean,,,,,
ALUJUN_clean,0.0,427.0,0.0,0.0,260.0
YUFLIW_clean,,,,,
OYERER_clean,0.0,236.5822222222222,0.0,0.0,193.0
UXUZAP_clean,,,,,
GEDLIM_clean,,,,,
JUSBAC_clean,,,,,
MAWVAK_clean,,,,,
LAVTEJ_clean,,,,,
XASNUD_clean,,,,,
WECBAJ_clean,277.51851851851853,42.21333333333333,0.0,0.0,
MARJAQ_clean,277.51851851851853,42.21333333333333,0.0,0.0,
TOFQEM_clean,,315.0,,0.0,
YUKVUW_clean,102.8425925925926,4.007936507936509,0.0,0.0,64.0925925925926
PEHTON_clean,,,,,
RUNXUV_clean,,,,,
YEDKOI_clean,0.0,427.0,0.0,0.0,260.0
IRISAD_clean,0.0,174.65740740740742,0.0,0.0,
NABMUA01_clean,,324.0,,,
FEZTIP_clean,,359.0,,,
TIGQUX_clean,277.51851851851853,42.21333333333333,0.0,0.0,
